day,episode,pillar,title,proposed_publish_at,status,actual_video_id,actual_published_at,short_1_proposed_at,short_2_proposed_at
1,B08,business,為什麼 Blockbuster 拒絕買下 Netflix？,2026-11-02T20:00:00+08:00,PROPOSED_NOT_SCHEDULED,,,2026-11-03T12:00:00+08:00,2026-11-04T18:00:00+08:00
2,S01,science,為什麼飛機航線在地圖上是彎的？,2026-11-03T20:00:00+08:00,PROPOSED_NOT_SCHEDULED,,,2026-11-04T12:00:00+08:00,2026-11-05T18:00:00+08:00
3,T01,travel,為什麼日本開車靠左？,2026-11-04T20:00:00+08:00,PROPOSED_NOT_SCHEDULED,,,2026-11-05T12:00:00+08:00,2026-11-06T18:00:00+08:00
4,A08,tech,為什麼 AI 數不清 strawberry 有幾個 r？,2026-11-05T20:00:00+08:00,PROPOSED_NOT_SCHEDULED,,,2026-11-06T12:00:00+08:00,2026-11-07T18:00:00+08:00
5,B06,business,為什麼說麥當勞其實是房地產公司？,2026-11-06T20:00:00+08:00,PROPOSED_NOT_SCHEDULED,,,2026-11-07T12:00:00+08:00,2026-11-08T18:00:00+08:00
6,S09,science,為什麼飛機上的番茄汁特別好喝？,2026-11-07T20:00:00+08:00,PROPOSED_NOT_SCHEDULED,,,2026-11-08T12:00:00+08:00,2026-11-09T18:00:00+08:00
7,T05,travel,為什麼美國要給小費，日本卻不收？,2026-11-08T20:00:00+08:00,PROPOSED_NOT_SCHEDULED,,,2026-11-09T12:00:00+08:00,2026-11-10T18:00:00+08:00
8,S02,science,為什麼天空是藍的，夕陽卻是紅的？,2026-11-09T20:00:00+08:00,PROPOSED_NOT_SCHEDULED,,,2026-11-10T12:00:00+08:00,2026-11-11T18:00:00+08:00
9,T02,travel,為什麼韓國人用鐵筷子？,2026-11-10T20:00:00+08:00,PROPOSED_NOT_SCHEDULED,,,2026-11-11T12:00:00+08:00,2026-11-12T18:00:00+08:00
10,A01,tech,為什麼 AI 會一本正經地胡說八道？,2026-11-11T20:00:00+08:00,PROPOSED_NOT_SCHEDULED,,,2026-11-12T12:00:00+08:00,2026-11-13T18:00:00+08:00
11,B01,business,為什麼 Nokia 賣最多手機，卻輸給了 iPhone？,2026-11-12T20:00:00+08:00,PROPOSED_NOT_SCHEDULED,,,2026-11-13T12:00:00+08:00,2026-11-14T18:00:00+08:00
12,S03,science,為什麼切洋蔥會流眼淚？,2026-11-13T20:00:00+08:00,PROPOSED_NOT_SCHEDULED,,,2026-11-14T12:00:00+08:00,2026-11-15T18:00:00+08:00
13,T03,travel,為什麼日本電車那麼準時？,2026-11-14T20:00:00+08:00,PROPOSED_NOT_SCHEDULED,,,2026-11-15T12:00:00+08:00,2026-11-16T18:00:00+08:00
14,A02,tech,為什麼 iPhone 改用 USB-C？,2026-11-15T20:00:00+08:00,PROPOSED_NOT_SCHEDULED,,,2026-11-16T12:00:00+08:00,2026-11-17T18:00:00+08:00
15,B02,business,為什麼 7-Eleven 是美國品牌，最後被日本人買下？,2026-11-16T20:00:00+08:00,PROPOSED_NOT_SCHEDULED,,,2026-11-17T12:00:00+08:00,2026-11-18T18:00:00+08:00
16,S04,science,為什麼貓喜歡把東西推下桌？,2026-11-17T20:00:00+08:00,PROPOSED_NOT_SCHEDULED,,,2026-11-18T12:00:00+08:00,2026-11-19T18:00:00+08:00
17,T04,travel,為什麼在泰國不能摸別人的頭？,2026-11-18T20:00:00+08:00,PROPOSED_NOT_SCHEDULED,,,2026-11-19T12:00:00+08:00,2026-11-20T18:00:00+08:00
18,A03,tech,為什麼網速 Mbps 跟下載 MB 差 8 倍？,2026-11-19T20:00:00+08:00,PROPOSED_NOT_SCHEDULED,,,2026-11-20T12:00:00+08:00,2026-11-21T18:00:00+08:00
19,B03,business,為什麼可口可樂的配方要鎖在保險庫？,2026-11-20T20:00:00+08:00,PROPOSED_NOT_SCHEDULED,,,2026-11-21T12:00:00+08:00,2026-11-22T18:00:00+08:00
20,S05,science,為什麼打哈欠會傳染？,2026-11-21T20:00:00+08:00,PROPOSED_NOT_SCHEDULED,,,2026-11-22T12:00:00+08:00,2026-11-23T18:00:00+08:00
21,T06,travel,為什麼歐洲上廁所要付錢？,2026-11-22T20:00:00+08:00,PROPOSED_NOT_SCHEDULED,,,2026-11-23T12:00:00+08:00,2026-11-24T18:00:00+08:00
22,A04,tech,為什麼驗證碼要你點紅綠燈？,2026-11-23T20:00:00+08:00,PROPOSED_NOT_SCHEDULED,,,2026-11-24T12:00:00+08:00,2026-11-25T18:00:00+08:00
23,B04,business,為什麼 IKEA 要你自己組家具？,2026-11-24T20:00:00+08:00,PROPOSED_NOT_SCHEDULED,,,2026-11-25T12:00:00+08:00,2026-11-26T18:00:00+08:00
24,S06,science,為什麼泡澡久了手指會皺？,2026-11-25T20:00:00+08:00,PROPOSED_NOT_SCHEDULED,,,2026-11-26T12:00:00+08:00,2026-11-27T18:00:00+08:00
25,T07,travel,為什麼飛機窗戶是圓的？,2026-11-26T20:00:00+08:00,PROPOSED_NOT_SCHEDULED,,,2026-11-27T12:00:00+08:00,2026-11-28T18:00:00+08:00
26,A05,tech,為什麼手機越用越慢？,2026-11-27T20:00:00+08:00,PROPOSED_NOT_SCHEDULED,,,2026-11-28T12:00:00+08:00,2026-11-29T18:00:00+08:00
27,B05,business,為什麼好市多熱狗幾十年都賣 1.5 美元？,2026-11-28T20:00:00+08:00,PROPOSED_NOT_SCHEDULED,,,2026-11-29T12:00:00+08:00,2026-11-30T18:00:00+08:00
28,S07,science,為什麼冰塊會浮起來？,2026-11-29T20:00:00+08:00,PROPOSED_NOT_SCHEDULED,,,2026-11-30T12:00:00+08:00,2026-12-01T18:00:00+08:00
29,T08,travel,為什麼免稅店都在出境之後？,2026-11-30T20:00:00+08:00,PROPOSED_NOT_SCHEDULED,,,2026-12-01T12:00:00+08:00,2026-12-02T18:00:00+08:00
30,A06,tech,為什麼 Wi-Fi 隔一面牆就變慢？,2026-12-01T20:00:00+08:00,PROPOSED_NOT_SCHEDULED,,,2026-12-02T12:00:00+08:00,2026-12-03T18:00:00+08:00
31,B07,business,為什麼星巴克最小杯叫「中杯」？,2026-12-02T20:00:00+08:00,PROPOSED_NOT_SCHEDULED,,,2026-12-03T12:00:00+08:00,2026-12-04T18:00:00+08:00
32,S08,science,為什麼吃辣會痛又會上癮？,2026-12-03T20:00:00+08:00,PROPOSED_NOT_SCHEDULED,,,2026-12-04T12:00:00+08:00,2026-12-05T18:00:00+08:00
33,T09,travel,為什麼日本到處都是自動販賣機？,2026-12-04T20:00:00+08:00,PROPOSED_NOT_SCHEDULED,,,2026-12-05T12:00:00+08:00,2026-12-06T18:00:00+08:00
34,A07,tech,為什麼 NVIDIA 變成全世界最值錢的公司之一？,2026-12-05T20:00:00+08:00,PROPOSED_NOT_SCHEDULED,,,2026-12-06T12:00:00+08:00,2026-12-07T18:00:00+08:00
35,B09,business,為什麼柯達發明數位相機，卻被數位相機打倒？,2026-12-06T20:00:00+08:00,PROPOSED_NOT_SCHEDULED,,,2026-12-07T12:00:00+08:00,2026-12-08T18:00:00+08:00
36,S10,science,為什麼人會做夢？,2026-12-07T20:00:00+08:00,PROPOSED_NOT_SCHEDULED,,,2026-12-08T12:00:00+08:00,2026-12-09T18:00:00+08:00
37,T10,travel,為什麼韓國人那麼愛喝冰美式？,2026-12-08T20:00:00+08:00,PROPOSED_NOT_SCHEDULED,,,2026-12-09T12:00:00+08:00,2026-12-10T18:00:00+08:00
38,A09,tech,為什麼密碼要大小寫加符號？,2026-12-09T20:00:00+08:00,PROPOSED_NOT_SCHEDULED,,,2026-12-10T12:00:00+08:00,2026-12-11T18:00:00+08:00
39,B10,business,為什麼任天堂一開始是賣撲克牌的？,2026-12-10T20:00:00+08:00,PROPOSED_NOT_SCHEDULED,,,2026-12-11T12:00:00+08:00,2026-12-12T18:00:00+08:00
40,S11,science,為什麼鍵盤不是照 ABC 排？,2026-12-11T20:00:00+08:00,PROPOSED_NOT_SCHEDULED,,,2026-12-12T12:00:00+08:00,2026-12-13T18:00:00+08:00
41,T11,travel,為什麼杜拜能在沙漠變成大城市？,2026-12-12T20:00:00+08:00,PROPOSED_NOT_SCHEDULED,,,2026-12-13T12:00:00+08:00,2026-12-14T18:00:00+08:00
42,A10,tech,為什麼海底電纜比衛星更重要？,2026-12-13T20:00:00+08:00,PROPOSED_NOT_SCHEDULED,,,2026-12-14T12:00:00+08:00,2026-12-15T18:00:00+08:00
43,B11,business,為什麼 Uniqlo 發熱衣能紅遍全世界？,2026-12-14T20:00:00+08:00,PROPOSED_NOT_SCHEDULED,,,2026-12-15T12:00:00+08:00,2026-12-16T18:00:00+08:00
44,S12,science,為什麼一天是 24 小時、一小時是 60 分鐘？,2026-12-15T20:00:00+08:00,PROPOSED_NOT_SCHEDULED,,,2026-12-16T12:00:00+08:00,2026-12-17T18:00:00+08:00
45,T12,travel,為什麼新加坡禁止賣口香糖？,2026-12-16T20:00:00+08:00,PROPOSED_NOT_SCHEDULED,,,2026-12-17T12:00:00+08:00,2026-12-18T18:00:00+08:00
46,A11,tech,為什麼 5G 沒有想像中快？,2026-12-17T20:00:00+08:00,PROPOSED_NOT_SCHEDULED,,,2026-12-18T12:00:00+08:00,2026-12-19T18:00:00+08:00
47,B12,business,為什麼台積電不自己設計晶片？,2026-12-18T20:00:00+08:00,PROPOSED_NOT_SCHEDULED,,,2026-12-19T12:00:00+08:00,2026-12-20T18:00:00+08:00
48,S13,science,為什麼微波爐不能放金屬？,2026-12-19T20:00:00+08:00,PROPOSED_NOT_SCHEDULED,,,2026-12-20T12:00:00+08:00,2026-12-21T18:00:00+08:00
49,T13,travel,為什麼威尼斯蓋在水上？,2026-12-20T20:00:00+08:00,PROPOSED_NOT_SCHEDULED,,,2026-12-21T12:00:00+08:00,2026-12-22T18:00:00+08:00
50,A12,tech,為什麼電腦用二進位？,2026-12-21T20:00:00+08:00,PROPOSED_NOT_SCHEDULED,,,2026-12-22T12:00:00+08:00,2026-12-23T18:00:00+08:00
51,B13,business,為什麼 Toyota 讓產線上任何人都能喊停？,2026-12-22T20:00:00+08:00,PROPOSED_NOT_SCHEDULED,,,2026-12-23T12:00:00+08:00,2026-12-24T18:00:00+08:00
52,S14,science,為什麼喝咖啡會想上廁所？,2026-12-23T20:00:00+08:00,PROPOSED_NOT_SCHEDULED,,,2026-12-24T12:00:00+08:00,2026-12-25T18:00:00+08:00
53,T14,travel,為什麼比薩斜塔不會倒？,2026-12-24T20:00:00+08:00,PROPOSED_NOT_SCHEDULED,,,2026-12-25T12:00:00+08:00,2026-12-26T18:00:00+08:00
54,A13,tech,為什麼藍牙叫藍牙？,2026-12-25T20:00:00+08:00,PROPOSED_NOT_SCHEDULED,,,2026-12-26T12:00:00+08:00,2026-12-27T18:00:00+08:00
55,B14,business,為什麼 LEGO 差點破產又活過來？,2026-12-26T20:00:00+08:00,PROPOSED_NOT_SCHEDULED,,,2026-12-27T12:00:00+08:00,2026-12-28T18:00:00+08:00
56,S15,science,為什麼鳥站在電線上不會觸電？,2026-12-27T20:00:00+08:00,PROPOSED_NOT_SCHEDULED,,,2026-12-28T12:00:00+08:00,2026-12-29T18:00:00+08:00
57,T15,travel,為什麼日本旅館要穿浴衣吃晚餐？,2026-12-28T20:00:00+08:00,PROPOSED_NOT_SCHEDULED,,,2026-12-29T12:00:00+08:00,2026-12-30T18:00:00+08:00
58,A14,tech,為什麼遊戲主機要賠錢賣？,2026-12-29T20:00:00+08:00,PROPOSED_NOT_SCHEDULED,,,2026-12-30T12:00:00+08:00,2026-12-31T18:00:00+08:00
59,B15,business,為什麼 Dyson 做了幾千個原型才推出吸塵器？,2026-12-30T20:00:00+08:00,PROPOSED_NOT_SCHEDULED,,,2026-12-31T12:00:00+08:00,2027-01-01T18:00:00+08:00
60,S16,science,為什麼高鐵車頭都是長鼻子？,2026-12-31T20:00:00+08:00,PROPOSED_NOT_SCHEDULED,,,2027-01-01T12:00:00+08:00,2027-01-02T18:00:00+08:00
61,T16,travel,為什麼機票越接近出發越貴？,2027-01-01T20:00:00+08:00,PROPOSED_NOT_SCHEDULED,,,2027-01-02T12:00:00+08:00,2027-01-03T18:00:00+08:00
62,A15,tech,為什麼 YouTube 總知道你想看什麼？,2027-01-02T20:00:00+08:00,PROPOSED_NOT_SCHEDULED,,,2027-01-03T12:00:00+08:00,2027-01-04T18:00:00+08:00
63,B16,business,為什麼 Supreme 故意只做一點點貨？,2027-01-03T20:00:00+08:00,PROPOSED_NOT_SCHEDULED,,,2027-01-04T12:00:00+08:00,2027-01-05T18:00:00+08:00
64,S17,science,為什麼手機電池用久會不耐用？,2027-01-04T20:00:00+08:00,PROPOSED_NOT_SCHEDULED,,,2027-01-05T12:00:00+08:00,2027-01-06T18:00:00+08:00
65,T17,travel,為什麼往東飛時差比較難調？,2027-01-05T20:00:00+08:00,PROPOSED_NOT_SCHEDULED,,,2027-01-06T12:00:00+08:00,2027-01-07T18:00:00+08:00
66,A16,tech,為什麼 AI 老是畫錯手指？,2027-01-06T20:00:00+08:00,PROPOSED_NOT_SCHEDULED,,,2027-01-07T12:00:00+08:00,2027-01-08T18:00:00+08:00
67,B17,business,為什麼 Tesla 一開始先賣昂貴跑車？,2027-01-07T20:00:00+08:00,PROPOSED_NOT_SCHEDULED,,,2027-01-08T12:00:00+08:00,2027-01-09T18:00:00+08:00
68,S18,science,為什麼雷聲總比閃電晚到？,2027-01-08T20:00:00+08:00,PROPOSED_NOT_SCHEDULED,,,2027-01-09T12:00:00+08:00,2027-01-10T18:00:00+08:00
69,T18,travel,為什麼英國插頭那麼大？,2027-01-09T20:00:00+08:00,PROPOSED_NOT_SCHEDULED,,,2027-01-10T12:00:00+08:00,2027-01-11T18:00:00+08:00
70,A17,tech,為什麼 Google 搜尋是免費的？,2027-01-10T20:00:00+08:00,PROPOSED_NOT_SCHEDULED,,,2027-01-11T12:00:00+08:00,2027-01-12T18:00:00+08:00
71,B18,business,為什麼 Google 要把公司改名 Alphabet？,2027-01-11T20:00:00+08:00,PROPOSED_NOT_SCHEDULED,,,2027-01-12T12:00:00+08:00,2027-01-13T18:00:00+08:00
72,S19,science,為什麼洋芋片袋裡一半是空氣？,2027-01-12T20:00:00+08:00,PROPOSED_NOT_SCHEDULED,,,2027-01-13T12:00:00+08:00,2027-01-14T18:00:00+08:00
73,T19,travel,為什麼荷蘭人那麼高？,2027-01-13T20:00:00+08:00,PROPOSED_NOT_SCHEDULED,,,2027-01-14T12:00:00+08:00,2027-01-15T18:00:00+08:00
74,A18,tech,為什麼 USB 總是插反？,2027-01-14T20:00:00+08:00,PROPOSED_NOT_SCHEDULED,,,2027-01-15T12:00:00+08:00,2027-01-16T18:00:00+08:00
75,B19,business,為什麼 Airbnb 靠賣麥片撐過倒閉危機？,2027-01-15T20:00:00+08:00,PROPOSED_NOT_SCHEDULED,,,2027-01-16T12:00:00+08:00,2027-01-17T18:00:00+08:00
76,S20,science,為什麼人會暈車？,2027-01-16T20:00:00+08:00,PROPOSED_NOT_SCHEDULED,,,2027-01-17T12:00:00+08:00,2027-01-18T18:00:00+08:00
77,T20,travel,為什麼北歐人那麼愛喝咖啡？,2027-01-17T20:00:00+08:00,PROPOSED_NOT_SCHEDULED,,,2027-01-18T12:00:00+08:00,2027-01-19T18:00:00+08:00
78,A19,tech,為什麼晶片越小越快？,2027-01-18T20:00:00+08:00,PROPOSED_NOT_SCHEDULED,,,2027-01-19T12:00:00+08:00,2027-01-20T18:00:00+08:00
79,B20,business,為什麼印表機便宜、墨水卻很貴？,2027-01-19T20:00:00+08:00,PROPOSED_NOT_SCHEDULED,,,2027-01-20T12:00:00+08:00,2027-01-21T18:00:00+08:00
80,S21,science,為什麼月亮總是同一面對著地球？,2027-01-20T20:00:00+08:00,PROPOSED_NOT_SCHEDULED,,,2027-01-21T12:00:00+08:00,2027-01-22T18:00:00+08:00
81,T21,travel,為什麼京都沒有被原子彈轟炸？,2027-01-21T20:00:00+08:00,PROPOSED_NOT_SCHEDULED,,,2027-01-22T12:00:00+08:00,2027-01-23T18:00:00+08:00
82,A20,tech,為什麼 Emoji 在不同手機長得不一樣？,2027-01-22T20:00:00+08:00,PROPOSED_NOT_SCHEDULED,,,2027-01-23T12:00:00+08:00,2027-01-24T18:00:00+08:00
83,B21,business,為什麼航空公司故意超賣機位？,2027-01-23T20:00:00+08:00,PROPOSED_NOT_SCHEDULED,,,2027-01-24T12:00:00+08:00,2027-01-25T18:00:00+08:00
84,S22,science,為什麼鐵軌下面要鋪碎石？,2027-01-24T20:00:00+08:00,PROPOSED_NOT_SCHEDULED,,,2027-01-25T12:00:00+08:00,2027-01-26T18:00:00+08:00
85,T22,travel,為什麼美國還在用華氏？,2027-01-25T20:00:00+08:00,PROPOSED_NOT_SCHEDULED,,,2027-01-26T12:00:00+08:00,2027-01-27T18:00:00+08:00
86,A21,tech,為什麼手機拍夜景越來越清楚？,2027-01-26T20:00:00+08:00,PROPOSED_NOT_SCHEDULED,,,2027-01-27T12:00:00+08:00,2027-01-28T18:00:00+08:00
87,B22,business,為什麼 Samsung 從賣魚乾變成科技巨頭？,2027-01-27T20:00:00+08:00,PROPOSED_NOT_SCHEDULED,,,2027-01-28T12:00:00+08:00,2027-01-29T18:00:00+08:00
88,S23,science,為什麼彩虹是彎的？,2027-01-28T20:00:00+08:00,PROPOSED_NOT_SCHEDULED,,,2027-01-29T12:00:00+08:00,2027-01-30T18:00:00+08:00
89,T23,travel,為什麼韓國以前的年齡算法跟國際不一樣？,2027-01-29T20:00:00+08:00,PROPOSED_NOT_SCHEDULED,,,2027-01-30T12:00:00+08:00,2027-01-31T18:00:00+08:00
90,A22,tech,為什麼網站一直要你接受 Cookie？,2027-01-30T20:00:00+08:00,PROPOSED_NOT_SCHEDULED,,,2027-01-31T12:00:00+08:00,2027-02-01T18:00:00+08:00
91,B23,business,為什麼 Yahoo 拒絕賣給微軟？,2027-01-31T20:00:00+08:00,PROPOSED_NOT_SCHEDULED,,,2027-02-01T12:00:00+08:00,2027-02-02T18:00:00+08:00
92,S24,science,為什麼肚子餓會咕嚕叫？,2027-02-01T20:00:00+08:00,PROPOSED_NOT_SCHEDULED,,,2027-02-02T12:00:00+08:00,2027-02-03T18:00:00+08:00
93,T24,travel,為什麼泰國的年份比西元多 543 年？,2027-02-02T20:00:00+08:00,PROPOSED_NOT_SCHEDULED,,,2027-02-03T12:00:00+08:00,2027-02-04T18:00:00+08:00
94,A23,tech,為什麼電動車沒有變速箱？,2027-02-03T20:00:00+08:00,PROPOSED_NOT_SCHEDULED,,,2027-02-04T12:00:00+08:00,2027-02-05T18:00:00+08:00
95,B24,business,為什麼 Zara 兩週就能把新款送到店裡？,2027-02-04T20:00:00+08:00,PROPOSED_NOT_SCHEDULED,,,2027-02-05T12:00:00+08:00,2027-02-06T18:00:00+08:00
96,S25,science,為什麼剪頭髮不痛、拔頭髮會痛？,2027-02-05T20:00:00+08:00,PROPOSED_NOT_SCHEDULED,,,2027-02-06T12:00:00+08:00,2027-02-07T18:00:00+08:00
97,T25,travel,為什麼飛機起降要打開遮光板？,2027-02-06T20:00:00+08:00,PROPOSED_NOT_SCHEDULED,,,2027-02-07T12:00:00+08:00,2027-02-08T18:00:00+08:00
98,A24,tech,為什麼 AI 需要那麼多電？,2027-02-07T20:00:00+08:00,PROPOSED_NOT_SCHEDULED,,,2027-02-08T12:00:00+08:00,2027-02-09T18:00:00+08:00
99,B25,business,為什麼 LINE 在台灣日本很紅，在美國卻沒人用？,2027-02-08T20:00:00+08:00,PROPOSED_NOT_SCHEDULED,,,2027-02-09T12:00:00+08:00,2027-02-10T18:00:00+08:00
100,A25,tech,為什麼 2038 年電腦可能會出問題？,2027-02-09T20:00:00+08:00,PROPOSED_NOT_SCHEDULED,,,2027-02-10T12:00:00+08:00,2027-02-11T18:00:00+08:00
