id,category,planning_baseline_ntd,supplier,quantity,unit,unit_rate_ntd,quoted_amount_ntd,tax_basis,included,excluded,payment_milestone,quote_version,status
Q01,劇本與開發,17000000,,,,,,,,,,,unquoted
Q02,導演製片主創,23800000,,,,,,,,,,,unquoted
Q03,演員,74800000,,,,,,,,,,,unquoted
Q04,攝影燈光收音,54400000,,,,,,,,,,,unquoted
Q05,美術服裝道具,34000000,,,,,,,,,,,unquoted
Q06,場地交通膳宿,27200000,,,,,,,,,,,unquoted
Q07,特殊場面,20400000,,,,,,,,,,,unquoted
Q08,年代戲,5100000,,,,,,,,,,,unquoted
Q09,螢幕素材,1700000,,,,,,,,,,,unquoted
Q10,後製,34000000,,,,,,,,,,,unquoted
Q11,多語字幕,3400000,,,,,,,,,,,unquoted
Q12,保險法務行政,10200000,,,,,,,,,,,unquoted
Q13,預備金,34000000,,,,,,,,,,,unquoted
