episode,checkpoint,proposed_check_at,status,video_id,published_at,observation_at,views,impressions,impressions_ctr_pct,retention_30s_pct,avg_percentage_viewed,subscribers_gained,returning_viewers,browse_impressions,browse_ctr_pct,suggested_impressions,suggested_ctr_pct,title_variant,thumbnail_variant,notes
01-image-trust,48h,2026-10-13T20:00:00+08:00,NOT_PUBLISHED_NO_DATA,,,,,,,,,,,,,,,,,
01-image-trust,7d,2026-10-18T20:00:00+08:00,NOT_PUBLISHED_NO_DATA,,,,,,,,,,,,,,,,,
01-image-trust,28d,2026-11-08T20:00:00+08:00,NOT_PUBLISHED_NO_DATA,,,,,,,,,,,,,,,,,
02-confident-errors,48h,2026-10-27T20:00:00+08:00,NOT_PUBLISHED_NO_DATA,,,,,,,,,,,,,,,,,
02-confident-errors,7d,2026-11-01T20:00:00+08:00,NOT_PUBLISHED_NO_DATA,,,,,,,,,,,,,,,,,
02-confident-errors,28d,2026-11-22T20:00:00+08:00,NOT_PUBLISHED_NO_DATA,,,,,,,,,,,,,,,,,
03-machine-internet,48h,2026-11-10T20:00:00+08:00,NOT_PUBLISHED_NO_DATA,,,,,,,,,,,,,,,,,
03-machine-internet,7d,2026-11-15T20:00:00+08:00,NOT_PUBLISHED_NO_DATA,,,,,,,,,,,,,,,,,
03-machine-internet,28d,2026-12-06T20:00:00+08:00,NOT_PUBLISHED_NO_DATA,,,,,,,,,,,,,,,,,
04-tasks-and-jobs,48h,2026-11-24T20:00:00+08:00,NOT_PUBLISHED_NO_DATA,,,,,,,,,,,,,,,,,
04-tasks-and-jobs,7d,2026-11-29T20:00:00+08:00,NOT_PUBLISHED_NO_DATA,,,,,,,,,,,,,,,,,
04-tasks-and-jobs,28d,2026-12-20T20:00:00+08:00,NOT_PUBLISHED_NO_DATA,,,,,,,,,,,,,,,,,
05-uneven-abilities,48h,2026-12-08T20:00:00+08:00,NOT_PUBLISHED_NO_DATA,,,,,,,,,,,,,,,,,
05-uneven-abilities,7d,2026-12-13T20:00:00+08:00,NOT_PUBLISHED_NO_DATA,,,,,,,,,,,,,,,,,
05-uneven-abilities,28d,2027-01-03T20:00:00+08:00,NOT_PUBLISHED_NO_DATA,,,,,,,,,,,,,,,,,
06-digital-yesman,48h,2026-12-22T20:00:00+08:00,NOT_PUBLISHED_NO_DATA,,,,,,,,,,,,,,,,,
06-digital-yesman,7d,2026-12-27T20:00:00+08:00,NOT_PUBLISHED_NO_DATA,,,,,,,,,,,,,,,,,
06-digital-yesman,28d,2027-01-17T20:00:00+08:00,NOT_PUBLISHED_NO_DATA,,,,,,,,,,,,,,,,,
