episode,category,cap_twd,actual_twd,receipt,note
01-image-trust,AI 視覺,3000,,,規劃上限；沒有帳單資料不得填 0
01-image-trust,配音,1000,,,規劃上限；沒有帳單資料不得填 0
01-image-trust,音樂與授權,1000,,,規劃上限；沒有帳單資料不得填 0
01-image-trust,剪輯字幕工具,1000,,,規劃上限；沒有帳單資料不得填 0
01-image-trust,縮圖補生成,1000,,,規劃上限；沒有帳單資料不得填 0
01-image-trust,修改預備金,3000,,,規劃上限；沒有帳單資料不得填 0
02-confident-errors,AI 視覺,3000,,,規劃上限；沒有帳單資料不得填 0
02-confident-errors,配音,1000,,,規劃上限；沒有帳單資料不得填 0
02-confident-errors,音樂與授權,1000,,,規劃上限；沒有帳單資料不得填 0
02-confident-errors,剪輯字幕工具,1000,,,規劃上限；沒有帳單資料不得填 0
02-confident-errors,縮圖補生成,1000,,,規劃上限；沒有帳單資料不得填 0
02-confident-errors,修改預備金,3000,,,規劃上限；沒有帳單資料不得填 0
03-machine-internet,AI 視覺,3000,,,規劃上限；沒有帳單資料不得填 0
03-machine-internet,配音,1000,,,規劃上限；沒有帳單資料不得填 0
03-machine-internet,音樂與授權,1000,,,規劃上限；沒有帳單資料不得填 0
03-machine-internet,剪輯字幕工具,1000,,,規劃上限；沒有帳單資料不得填 0
03-machine-internet,縮圖補生成,1000,,,規劃上限；沒有帳單資料不得填 0
03-machine-internet,修改預備金,3000,,,規劃上限；沒有帳單資料不得填 0
04-tasks-and-jobs,AI 視覺,3000,,,規劃上限；沒有帳單資料不得填 0
04-tasks-and-jobs,配音,1000,,,規劃上限；沒有帳單資料不得填 0
04-tasks-and-jobs,音樂與授權,1000,,,規劃上限；沒有帳單資料不得填 0
04-tasks-and-jobs,剪輯字幕工具,1000,,,規劃上限；沒有帳單資料不得填 0
04-tasks-and-jobs,縮圖補生成,1000,,,規劃上限；沒有帳單資料不得填 0
04-tasks-and-jobs,修改預備金,3000,,,規劃上限；沒有帳單資料不得填 0
05-uneven-abilities,AI 視覺,3000,,,規劃上限；沒有帳單資料不得填 0
05-uneven-abilities,配音,1000,,,規劃上限；沒有帳單資料不得填 0
05-uneven-abilities,音樂與授權,1000,,,規劃上限；沒有帳單資料不得填 0
05-uneven-abilities,剪輯字幕工具,1000,,,規劃上限；沒有帳單資料不得填 0
05-uneven-abilities,縮圖補生成,1000,,,規劃上限；沒有帳單資料不得填 0
05-uneven-abilities,修改預備金,3000,,,規劃上限；沒有帳單資料不得填 0
06-digital-yesman,AI 視覺,3000,,,規劃上限；沒有帳單資料不得填 0
06-digital-yesman,配音,1000,,,規劃上限；沒有帳單資料不得填 0
06-digital-yesman,音樂與授權,1000,,,規劃上限；沒有帳單資料不得填 0
06-digital-yesman,剪輯字幕工具,1000,,,規劃上限；沒有帳單資料不得填 0
06-digital-yesman,縮圖補生成,1000,,,規劃上限；沒有帳單資料不得填 0
06-digital-yesman,修改預備金,3000,,,規劃上限；沒有帳單資料不得填 0
