episode,scene,heading,type,source_ids,scope_note,checked_on
01-image-trust,1,一張圖，三個問題,fictional_example,,限定為來源實際支持範圍；虛構示例不作產品實測,2026-09-28
01-image-trust,2,畫面真，不代表故事真,fictional_example,,限定為來源實際支持範圍；虛構示例不作產品實測,2026-09-28
01-image-trust,3,三種技術，三種任務,sourced_fact,S01,限定為來源實際支持範圍；虛構示例不作產品實測,2026-09-28
01-image-trust,4,像履歷，不是事實保證,sourced_fact,S02,限定為來源實際支持範圍；虛構示例不作產品實測,2026-09-28
01-image-trust,5,第一步：回到起點,editorial_guidance,,限定為來源實際支持範圍；虛構示例不作產品實測,2026-09-28
01-image-trust,6,第二步：補回上下文,editorial_guidance,,限定為來源實際支持範圍；虛構示例不作產品實測,2026-09-28
01-image-trust,7,第三步：尋找獨立佐證,editorial_guidance,,限定為來源實際支持範圍；虛構示例不作產品實測,2026-09-28
01-image-trust,8,把三個問題分開,editorial_guidance,,限定為來源實際支持範圍；虛構示例不作產品實測,2026-09-28
01-image-trust,9,本片也接受同一套標準,sourced_fact,S14,限定為來源實際支持範圍；虛構示例不作產品實測,2026-09-28
01-image-trust,10,相信，可以慢一點,editorial_guidance,,限定為來源實際支持範圍；虛構示例不作產品實測,2026-09-28
02-confident-errors,1,格式很像，證據呢？,fictional_example,,限定為來源實際支持範圍；虛構示例不作產品實測,2026-09-28
02-confident-errors,2,先約定錯在哪裡,sourced_fact,S04,限定為來源實際支持範圍；虛構示例不作產品實測,2026-09-28
02-confident-errors,3,流暢不是驗證程序,sourced_fact,S03;S05,限定為來源實際支持範圍；虛構示例不作產品實測,2026-09-28
02-confident-errors,4,一張示意菜單,fictional_example,,限定為來源實際支持範圍；虛構示例不作產品實測,2026-09-28
02-confident-errors,5,連結存在還不夠,editorial_guidance,,限定為來源實際支持範圍；虛構示例不作產品實測,2026-09-28
02-confident-errors,6,把答案分成三層,editorial_guidance,,限定為來源實際支持範圍；虛構示例不作產品實測,2026-09-28
02-confident-errors,7,要求反例，不是要求認錯,editorial_guidance,,限定為來源實際支持範圍；虛構示例不作產品實測,2026-09-28
02-confident-errors,8,依錯誤成本分配查證,editorial_guidance,,限定為來源實際支持範圍；虛構示例不作產品實測,2026-09-28
02-confident-errors,9,讓檢查留下痕跡,editorial_guidance,,限定為來源實際支持範圍；虛構示例不作產品實測,2026-09-28
02-confident-errors,10,問它：證據在哪裡？,editorial_guidance,,限定為來源實際支持範圍；虛構示例不作產品實測,2026-09-28
03-machine-internet,1,熱鬧，代表有人嗎？,fictional_example,,限定為來源實際支持範圍；虛構示例不作產品實測,2026-09-28
03-machine-internet,2,先看數字的年份,sourced_fact,S06,限定為來源實際支持範圍；虛構示例不作產品實測,2026-09-28
03-machine-internet,3,請求不是人頭,fictional_example,,限定為來源實際支持範圍；虛構示例不作產品實測,2026-09-28
03-machine-internet,4,三種現象分開看,editorial_guidance,S06,限定為來源實際支持範圍；虛構示例不作產品實測,2026-09-28
03-machine-internet,5,十個來源，還是一個？,fictional_example,,限定為來源實際支持範圍；虛構示例不作產品實測,2026-09-28
03-machine-internet,6,AI 吃 AI，必然壞掉？,sourced_fact,S07,限定為來源實際支持範圍；虛構示例不作產品實測,2026-09-28
03-machine-internet,7,資料怎麼混合，很重要,sourced_fact,S08,限定為來源實際支持範圍；虛構示例不作產品實測,2026-09-28
03-machine-internet,8,觀眾可以要求什麼,editorial_guidance,,限定為來源實際支持範圍；虛構示例不作產品實測,2026-09-28
03-machine-internet,9,本片的三條界線,editorial_guidance,,限定為來源實際支持範圍；虛構示例不作產品實測,2026-09-28
03-machine-internet,10,把注意力留給可追查的內容,editorial_guidance,,限定為來源實際支持範圍；虛構示例不作產品實測,2026-09-28
04-tasks-and-jobs,1,一個職稱，不只一項任務,fictional_example,,限定為來源實際支持範圍；虛構示例不作產品實測,2026-09-28
04-tasks-and-jobs,2,四分之一，不是失業預告,sourced_fact,S09,限定為來源實際支持範圍；虛構示例不作產品實測,2026-09-28
04-tasks-and-jobs,3,能生成，不等於能交付,fictional_example,,限定為來源實際支持範圍；虛構示例不作產品實測,2026-09-28
04-tasks-and-jobs,4,能力邊界並不平整,sourced_fact,S10,限定為來源實際支持範圍；虛構示例不作產品實測,2026-09-28
04-tasks-and-jobs,5,畫一張任務地圖,editorial_guidance,,限定為來源實際支持範圍；虛構示例不作產品實測,2026-09-28
04-tasks-and-jobs,6,省下的時間去了哪裡,fictional_example,,限定為來源實際支持範圍；虛構示例不作產品實測,2026-09-28
04-tasks-and-jobs,7,責任不會自己消失,editorial_guidance,S03,限定為來源實際支持範圍；虛構示例不作產品實測,2026-09-28
04-tasks-and-jobs,8,轉變也不是沒有代價,editorial_guidance,,限定為來源實際支持範圍；虛構示例不作產品實測,2026-09-28
04-tasks-and-jobs,9,先選一項，不押整份工作,editorial_guidance,,限定為來源實際支持範圍；虛構示例不作產品實測,2026-09-28
04-tasks-and-jobs,10,先問哪一部分改變,editorial_guidance,,限定為來源實際支持範圍；虛構示例不作產品實測,2026-09-28
05-uneven-abilities,1,一個高分，能回答多少問題？,editorial_guidance,,限定為來源實際支持範圍；虛構示例不作產品實測,2026-09-28
05-uneven-abilities,2,把歷史成績說準確,sourced_fact,S11,限定為來源實際支持範圍；虛構示例不作產品實測,2026-09-28
05-uneven-abilities,3,人的難，不一定是同一種難,editorial_guidance,,限定為來源實際支持範圍；虛構示例不作產品實測,2026-09-28
05-uneven-abilities,4,能力像地形，不像階梯,sourced_fact,S10,限定為來源實際支持範圍；虛構示例不作產品實測,2026-09-28
05-uneven-abilities,5,少了一份資料的簡單問題,fictional_example,,限定為來源實際支持範圍；虛構示例不作產品實測,2026-09-28
05-uneven-abilities,6,四個條件一起看,editorial_guidance,,限定為來源實際支持範圍；虛構示例不作產品實測,2026-09-28
05-uneven-abilities,7,成功一次與穩定交付,editorial_guidance,,限定為來源實際支持範圍；虛構示例不作產品實測,2026-09-28
05-uneven-abilities,8,把錯誤分到正確位置,editorial_guidance,S03,限定為來源實際支持範圍；虛構示例不作產品實測,2026-09-28
05-uneven-abilities,9,承認進步，也保留限制,editorial_guidance,S12,限定為來源實際支持範圍；虛構示例不作產品實測,2026-09-28
05-uneven-abilities,10,把驚嘆變成好問題,editorial_guidance,,限定為來源實際支持範圍；虛構示例不作產品實測,2026-09-28
06-digital-yesman,1,兩種讓人舒服的回答,fictional_example,,限定為來源實際支持範圍；虛構示例不作產品實測,2026-09-28
06-digital-yesman,2,支持感受與支持結論,editorial_guidance,,限定為來源實際支持範圍；虛構示例不作產品實測,2026-09-28
06-digital-yesman,3,研究裡的迎合是什麼,sourced_fact,S13,限定為來源實際支持範圍；虛構示例不作產品實測,2026-09-28
06-digital-yesman,4,不需要假設它有心機,editorial_guidance,,限定為來源實際支持範圍；虛構示例不作產品實測,2026-09-28
06-digital-yesman,5,把同一問題換個問法,fictional_example,,限定為來源實際支持範圍；虛構示例不作產品實測,2026-09-28
06-digital-yesman,6,同意，需要說出理由,editorial_guidance,,限定為來源實際支持範圍；虛構示例不作產品實測,2026-09-28
06-digital-yesman,7,個人化不是知道全部,editorial_guidance,,限定為來源實際支持範圍；虛構示例不作產品實測,2026-09-28
06-digital-yesman,8,用一張三欄卡檢查,editorial_guidance,,限定為來源實際支持範圍；虛構示例不作產品實測,2026-09-28
06-digital-yesman,9,舒服與有用，分開評分,editorial_guidance,S03;S12,限定為來源實際支持範圍；虛構示例不作產品實測,2026-09-28
06-digital-yesman,10,把判斷留在自己手上,editorial_guidance,,限定為來源實際支持範圍；虛構示例不作產品實測,2026-09-28
