episode,check,status,checked_by,checked_at,evidence
01-image-trust,完整人耳配音審查,PENDING,,,
01-image-trust,最終節奏與場景剪輯,PENDING,,,
01-image-trust,手機畫面與字幕,PENDING,,,
01-image-trust,公開素材與授權複核,PENDING,,,
01-image-trust,頻道與發布時間確認,PENDING,,,
01-image-trust,非公開上傳播放檢查,PENDING,,,
01-image-trust,正式公開發布,PENDING,,,
02-confident-errors,完整人耳配音審查,PENDING,,,
02-confident-errors,最終節奏與場景剪輯,PENDING,,,
02-confident-errors,手機畫面與字幕,PENDING,,,
02-confident-errors,公開素材與授權複核,PENDING,,,
02-confident-errors,頻道與發布時間確認,PENDING,,,
02-confident-errors,非公開上傳播放檢查,PENDING,,,
02-confident-errors,正式公開發布,PENDING,,,
03-machine-internet,完整人耳配音審查,PENDING,,,
03-machine-internet,最終節奏與場景剪輯,PENDING,,,
03-machine-internet,手機畫面與字幕,PENDING,,,
03-machine-internet,公開素材與授權複核,PENDING,,,
03-machine-internet,頻道與發布時間確認,PENDING,,,
03-machine-internet,非公開上傳播放檢查,PENDING,,,
03-machine-internet,正式公開發布,PENDING,,,
04-tasks-and-jobs,完整人耳配音審查,PENDING,,,
04-tasks-and-jobs,最終節奏與場景剪輯,PENDING,,,
04-tasks-and-jobs,手機畫面與字幕,PENDING,,,
04-tasks-and-jobs,公開素材與授權複核,PENDING,,,
04-tasks-and-jobs,頻道與發布時間確認,PENDING,,,
04-tasks-and-jobs,非公開上傳播放檢查,PENDING,,,
04-tasks-and-jobs,正式公開發布,PENDING,,,
05-uneven-abilities,完整人耳配音審查,PENDING,,,
05-uneven-abilities,最終節奏與場景剪輯,PENDING,,,
05-uneven-abilities,手機畫面與字幕,PENDING,,,
05-uneven-abilities,公開素材與授權複核,PENDING,,,
05-uneven-abilities,頻道與發布時間確認,PENDING,,,
05-uneven-abilities,非公開上傳播放檢查,PENDING,,,
05-uneven-abilities,正式公開發布,PENDING,,,
06-digital-yesman,完整人耳配音審查,PENDING,,,
06-digital-yesman,最終節奏與場景剪輯,PENDING,,,
06-digital-yesman,手機畫面與字幕,PENDING,,,
06-digital-yesman,公開素材與授權複核,PENDING,,,
06-digital-yesman,頻道與發布時間確認,PENDING,,,
06-digital-yesman,非公開上傳播放檢查,PENDING,,,
06-digital-yesman,正式公開發布,PENDING,,,
