"集","故事時間","情報分布","人物與關係","證據／道具","下集承接"
"1","23:40；列車主觀夜開始。","程望與小滿只知道票印和月台不同，尚不能判斷每個聲音真假。","程望未受傷但顫抖，小滿保留距離。","程望持本人原票，工作燈照見 04。","紅廣播能喊姓名，下一集檢查票面新增的時間。"
"2","票面現實 23:40，截止 00:17。","只確認第七組聲響，不能直接稱第七人。","徐浩由砸門轉為看錶，唐綺開始當記錄者。","唐綺票背有六組節拍；隔間未開。","小滿離開視線，假月台開始播放家人在出口等候的泛用通知。"
"3","主觀第一輪假站結束。","兩人確認舊聲線和像家的門景可誘人自行補成親人；17 仍只是候選目的地。","小滿信任程望，手腕輕微擦紅無失能。","兩張本人票仍在本人手中。","需要找到人人都可驗證的原始文字。"
"4","主觀第一段巡查。","紅規則可疑但白牌內容未讀全，不能此時直接斷言全無規則。","何照怕列車長聽見，程望注意到他的手有繃帶。","程望保存白牌「返」字拓印。","唐綺試圖用交換車票找別的方法。"
"5","主觀換票爭執。","換票與失憶的因果尚待驗證；觀眾可看見票背壓痕。","唐綺恐慌，但仍記得自己讀音樂系。","兩人恢復原票，程望記下交換槽壓痕。","廣播將乘客分成生與死，必須核對各人的事故記憶。"
"6","主觀第一次清點；七年前片段只作閃現。","程望懷疑何照也來自當夜事故，尚無本人票證；顧永未被判死。","顧永坐回正常座位；何照說溜嘴後更防備，他照列車長教的說詞回話，並不是相信自己已死。","何照背出的車組號與顧永的購票收據相符，收據仍由顧永收在購物袋；停錶不是死亡證據。","牆內出現熟悉的三短一長敲擊。"
"7","主觀第一輪白燈檢查。","白燈聲道與紅廣播是兩路，但尚未驗明真母親。","程望壓住情緒，對小滿承諾先查再動。","白燈線及原始鉚釘露出，尚無引導燈。","票孔光的不同節奏仍需證實與心跳相關。"
"8","票面現實 23:45。","票綁本人、光反映心跳；尚未知 00:17 的完整意義。","唐綺停止拋票，顧永願意說自己的名字。","六張明票各歸本人，第七訊號仍被藏住。","徐浩仍害怕慢心跳拖延返程，下一集會有實際推出危機。"
"9","主觀第二次假站關門前。","顧永把第七節拍的位置縮小到票抽屜方向，仍不知道原票姓名。","老人無新傷；小滿開始咳嗽，程望先以為是緊張。","顧永持原票，購物袋帶完整。","原白牌與藏票都在售票隔間，需要先逼出原路線。"
"10","票面現實 23:47；第一篇結束。","三人確認有返程原路，不知是否仍可啟用；母親與列車長身份未解。","何照沒有主動供出抽屜，仍受脅迫。","小滿持白線拓印；原牌部分露出。","下一篇從整理已能重複驗證的規則開始。"
"11","現實 23:48，主觀規則整理。","確立驗證方法，仍未讀全返程原文。","徐浩願意暫停指使別人，小滿在座位休息不參與本場。","清單副本交喬寧，程望持空表。","何照必須回答留置表來自誰。"
"12","主觀售票隔間對質。","眾人知道票在抽屜，尚未用本人姓名與脈動核實第七人；何照清楚自己有票、可能還活著，只是被恐嚇不敢相認，僅部分合作。","何照手掌繃帶滲出舊汙，沒有新增致命傷。","正面抽屜鎖仍在，鑰匙由陸循持有；後側卡票槽機械扣在員工廊，何照知道位置但因恐懼尚未開啟。","紅廣播開始仿造剛聽到的母親敲擊節奏。"
"13","主觀真假聲音對照。","暗號可模仿；白燈聲道提供可核對資訊，身份仍待第 19 集印證。","程望說得出自己的懷疑，不再因懷疑母親而自責。","封存號寫在唐綺清單角落。","唐綺發現窗外另一個人的對白也不斷重複。"
"14","主觀三次幻景快切，同一門口不增加場景。","只知道女孩影像循環重播、口中喊著爸爸，尚不知道她的真名、死因與她父親是誰。","小滿咳嗽加重但仍清醒，唐綺發揮記音能力。","唐綺記錄三次相同句子；裂哨尚在駕駛機械室的陳列盒。","程望進一步追查封存號與七年前事故。"
"15","現實 23:53；七年前僅作 15 秒非連續插敘。","母親的救人行動明朗，列車長在同張事故條的身份仍被遮住。","程望情緒崩了一瞬，喬寧陪他念完而不替他下結論。","事故條還在封存玻璃內，沒被主角取走。","列車長改用有條件交易阻撓查證。"
"16","主觀交換規則揭示。","三步同意與指定片段範圍確立；尚不知銷毀幻景能否恢復，結局不得恢復。","唐綺重新作出自主決定。","原票壓痕保留，急救櫃鑰匙受交換槽控制。","列車長的鎖櫃將在下一集形成實際代價選擇。"
"17","現實 23:55。","程望實際體驗指定感官記憶消失；他仍知道母親名字、事故與共餐發生過。","顧永膝部擦傷可行走；程望右拇指舊疤磨紅，小滿咳嗽加重。","長安全帶救完人後捲好，由程望收在工作外套內側保管到第 27 集；程望原票新增單次交換壓痕。","不能下一集又回想該飯局細節；需調查控制者為何不自己返程。"
"18","主觀機械室第二次對質。","陸循與陸安已死，還沒查明機制如何被挾持；何照知道自己剛違令。","程望沒有答應交換；何照短暫反抗後又退回隔間。","死亡紀錄在封存玻璃中，陸循不能修改。","母親白燈聲道需提供與封存記錄相符的更深層驗證。"
"19","現實 23:58。","真正引路人身份確認，尚不知道交燈會令她永久離開。","母子能短暫對話；程望記憶缺口仍在，不藉母親在場修復。","唐綺記下返程副頁位置與缺角編號。","下一集從紅手柄與原路矛盾，查明列車遭挾持。"
"20","現實 00:00；第二篇結束。","列車的整體用途與挾持動機揭露；仍需找出返程流程、七人原票與最後時限。","何照協助一次卻仍被扣票；程望從求自己回家轉為恢復救援。","返程副頁、覆寫時間、亡者名冊三者互證。","第 21 集開始定位真正終點；紅漆留人條文須完整拆穿。"
"21","現實 00:02。","知道終點與截止欄有關，但尚未確定其醫療意義。","何照因洩密而羞愧，程望不把被控制當無責任。","小滿持原路副本；何照的副本未帶回售票口。","必須拆除一命換一命作為最後障礙的說法。"
"22","主觀白牌完整公開。","替死條文確定為偽造；七行清單第七姓名待核實。","徐浩仍怕倒數，理性證據尚未完全壓住本能恐懼。","完整原文由喬寧保管拓本。","要證實亡女本就不在可返程名單裡。"
"23","現實 00:04。","陸安已不可返程，小滿當夜的時限還沒過，兩者不可類比。","陸循被戳痛，轉向程望最想要的事。","陸安原票仍由陸循持有，裂哨仍在駕駛機械室的陳列盒中。","第 24 集程望面對利用他已交記憶造出的飯桌。"
"24","主觀回家幻景；未跨門檻。","記憶轉成固定影像後不會回流；兩張票只會拖死活人。","程望受到誘惑但仍能與唐綺溝通。","程望持原票，不交出他人票。","下一集必須明確拒絕，而非由同伴替他做選擇。"
"25","現實 00:06。","程望知道救人與見母親不能兼得，選擇保住活人的返程。","共餐記憶仍缺，哀傷不被一次對白治好。","時限欄副本放回小滿背包；程望的原票始終在他自己手上，沒有代管任何人的票。","徐浩在倒數下仍可能發起犧牲投票。"
"26","現實 00:08。","所有人理解六座不等於六人，還缺原票核驗。","徐浩完成第一次公開認錯；何照從服從改為自救。","七行清單完整保留；何照找到後側檢修口但票未拿出。","下一集先救出何照，再確認第七個活人的姓名。"
"27","現實 00:09。","七人名單確立：程望、林小滿、顧永、喬寧、徐浩、唐綺、何照；沒有第八人。","何照脫去外套保留襯衫與繃帶，向程望承認第 21 集洩密。","何照原票歸還；制服外套留在夾縫、員工牌留在地面，之後不再穿戴；長安全帶仍由程望保管。","他以實際協助補償，帶路讀取原始復位流程。"
"28","現實 00:10。","完整機械流程已知，引導燈交接的情感代價尚待母親說明。","何照能用原本職能協助，不再冒充無所不知的死人。","唐綺持四步表，封存原件留在機械室。","小滿當夜票孔變弱，四步流程必須在時限內完成。"
"29","現實 00:12，距截止五分鐘。","暫停心跳和七年前時限已過的陸安不同，不可互換判斷。","小滿意識時斷時續；顧永膝傷仍可慢行。","小滿原票固定在她衣袋外，顧永只扶住而不拿去換票；小滿的背包自本集中段轉折起由顧永背著。","母親要說清最後引導交接與時間限制。"
"30","現實 00:12，主觀最後一段被拉長；四步仍須依序。","已知交燈會讓母親離開，交接尚未發生。","程望接受代價但仍難過；母親沒有新能力。","黃銅白燈仍由母親迴路承載，程望原票在交接座前可隨時取回。","先完成路線與投影兩步，第 34 集才能交燈。"
"31","現實 00:13。","電子牌可變，實體鋼印仍是依據；真正月台尚未到達。","徐浩不再搶先決定，成為照明協作者。","工作燈（程望原本夾在胸前的手電筒）交徐浩手持，拓印由何照拿著。","將所有人安排到能完成四步流程的位置。"
"32","現實 00:14。","第一步原路復位完成；依第 28 集順序下一步關投影。","顧永膝傷不需奔跑；唐綺不再被聲音帶走注意。","四步表第一格由唐綺勾記；全員原票保持本人身上。","必須關掉循環幻景，而非追逐每個新月台。"
"33","現實 00:14:30。","第二步投影分路關閉；不會因此歸還已消耗的記憶。","徐浩難過卻繼續拿工作燈，程望準備告別。","四步表前兩格完成，假月台不再出現。","第 34 集一次性交接白燈，母親隨即永久離開。"
"34","現實 00:15。","引導權限完成交接，程望只擁有照岔標和解原鎖的能力。","溫蘭音結束滯留；從此沒有新靈異台詞或身影。","黃銅白燈在程望手上，原票取回本人衣袋。","只剩陸循末段手柄，必須以早已出現的裂哨和亡票面對他。"
"35","現實 00:15:30。","陸循知道繼續循環只能留幻景，不能改變亡票。","他尚未釋放手柄，程望也不假稱能保證他獲得原諒。","裂哨回到陸循右手，左手仍壓末段手柄。","最後選擇由陸循自己完成；不以突然死亡解決機械問題。"
"36","現實 00:16。","四步流程完成，還需實際到站與逐人出門。","陸循不復活、不被原諒成英雄；程望保留悲傷，已能繼續走。","末段手柄釋放，白燈由程望持有；陸安票與裂哨留給陸循。","下一集檢查真正月台及小滿最後一段護送。"
"37","現實 00:16:58，時限未過。","17 的驗證、復位流程與截止意義全部兌現。","程望最後回頭只有空門，母親沒有重新現身；小滿轉入現實搶救。","七行清單先核對再逐行勾選，先行三人與最後四人都有通過記號；跨門後靈界票燈不帶進現實，生還以次集醫院事實驗證。","第 38 集交代七人都獲救，不能用本集切黑保留生死懸案。"
"38","現實翌日早晨；七人均已過急救階段。","實際事故為當夜列車煙霧事件，七人被急救人員救出；不需要以夢境推翻主觀旅程。","小滿吸入濃煙受傷留院觀察；顧永膝擦傷、何照掌傷有敷料，其他人穩定，沒有新增死亡。","七人名單與領回的私人物品；舊留言原本就存在手機中。","留言不是靈異新訊息；第 39 集明說它不能填回被交換的飯局記憶。"
"39","出院後第七天。","永久記憶代價確定，沒有恢復、補發或以錄音假冒恢復。","母親僅以舊錄音出場；程望與唐綺開始形成生還者友誼。","原手機保存著留言，飯桌是新的一餐，不復刻已失去的片段。","下一集在正常日間列車完成門與扶手的情感回收，不另開新案。"
"40","事故一個月後的白天。","所有長線謎團結清，七人均生還；無新票、新怪聲或隱藏第八人。","小滿復原中、顧永膝傷已好；程望仍記得母親與缺口，但能談今天。","只有普通交通票與修好的外套；不把黃銅引導燈帶回現實。","無後續主線。保留約 15 秒人物呼吸與窗外日光，進合集結束而不插續集預告。"
