cast_id,name,on_camera_episode_count,on_camera_episodes,voice_episodes,note
C01,宋以寧,40,01;02;03;04;05;06;07;08;09;10;11;12;13;14;15;16;17;18;19;20;21;22;23;24;25;26;27;28;29;30;31;32;33;34;35;36;37;38;39;40,01;03;05;10;11;14;16;19;21;23;24;25;26;27;28;29;30;31;33;34;37,主角，33；理賠十一年；冷靜短句，對長輩可臺語
C02,周晏禮,29,03;08;11;12;13;14;15;16;18;19;20;21;22;23;24;25;26;27;28;29;30;31;32;33;35;37;38;39;40,03;04;08;12;13;15;16;17;18;19;21;22;24;25;26;27;31,36；鑑識顧問；先限定證據再表達立場
C03,宋美惠,32,02;07;08;10;11;12;13;14;15;16;17;18;19;20;21;22;25;26;27;28;29;30;31;32;33;34;35;36;37;38;39;40,07;13;34,60；以寧母親；臺語，生活動作先於解釋
C04,陳秀鸝,18,02;03;05;06;11;16;17;18;21;22;23;24;29;30;31;38;39;40,07;30,72；阿鸝阿嬤；臺語直接，不每句金句
C05,陳柏諺,26,01;02;05;06;07;10;13;15;16;17;18;19;22;23;24;26;27;29;30;31;33;36;37;38;39;40,05;15;16;26;38;39,24；車手；防衛、講義氣；受傷階段依細綱
C06,蔡書妍,20,07;15;17;19;21;22;23;24;26;27;28;29;30;31;32;34;36;38;39;40,30,26；律師；精確剋制，逐步脫離父親
C07,郭志豪,20,05;08;13;14;15;24;27;28;29;30;31;32;33;34;35;36;37;38;39;40,04;05;06;08;09;10;14;19;20;23;24;30;33;35;37;39,45；徵信；左手兩根手指骨折並非截肢，包紮及握持不能無故恢復
C08,許明達,9,01;04;06;08;09;10;26;27;40,01;02;03;07;11;17;19;31;32;34,50；理賠主管；習慣講公司成本
C09,黃添財,7,04;08;10;15;18;27;32,08,62；添隆董事長；商人反將，關鍵時切臺語
C10,林正雄,4,10;15;18;19,19,58；分局長；權力藏在程序裡；20集死亡
C11,顏水木,8,10;15;20;22;25;27;29;30,13,70；主委；與以寧全臺語
C12,杜可薇,13,09;10;15;21;22;26;30;31;32;36;37;38;39,32;33;34;35;39,50；記者／媒體創辦人；掌握誰有發話權
C13,蔡承澔,18,04;09;10;15;21;23;26;28;29;30;31;32;34;35;36;37;38;39,29,48；縣議員；公開溫和，私下交換
C14,鐘文吉,13,05;10;12;13;18;20;22;24;25;27;28;30;34,,52；阿鐘；信神，28認罪，30跪下
C15,分局副手,9,11;14;15;18;20;22;26;33;37,,林死後代理；不新增姓名
C16,承辦檢察官,14,19;28;29;30;31;32;33;34;35;36;37;38;39;40,20,跨篇同一角色；取證而非替主角背書
C17,宋以恆,1,20,40,2011年17；2026年32；40只聲音
C18,宋建國,0,,35,父親；2013亡；回憶／影像
C19,吳承勳,1,01,,24；開場死者；不可與以恆合併
C20,海哥,1,39,24;37,聲音與背影；不露臉、不揭真身
C21,林妻,4,19;20;34;35,34,林正雄遺孀；33/34報告、35記憶卡來源
C22,仲介,5,17;18;22;26;35,,金順發船主之子
C23,印尼老漁工,3,22;28;40,,認得哈迪；40依授權接罈
C24,印尼室友,2,01;40,,吳承勳宿舍室友
C25,顏水木外甥,5,27;29;30;31;34,28,宏澤法人／代理主委
C26,退休鑑識前輩,1,14,,保留送件簿
C27,相驗檢察官,1,20,,20集林宅，與承辦檢察官區別
C28,法醫,1,20,,20集相驗
C29,調查官甲,5,30;37;38;39;40,,30/37/40正式取證與保管
C30,調查官乙,4,30;37;39;40,,與甲的雙人行動
C31,工頭,8,05;13;15;16;17;18;19;37,,冷凍廠／宏澤壓力
C32,哈迪,1,20,,2011年約30；22才提出名字；20不露臉
C33,阿嬤之子,1,20,,2011火場拿滅火器；公祭姓名陳正隆，阿嬤之子
C34,蔡助理,9,21;23;26;31;32;34;36;38;39,23,政治現場及監控女兒行蹤
C35,鏗鏘助理,4,09;26;32;38,,9資料夾線索
C36,戶政承辦,1,12,,12死亡登記
C37,實驗室人員,1,13,13,13檢體不足；不給DNA確證
C38,盛安法務,2,10;27,10;27,10/27職務與調查程序
C39,盛安人資,1,10,27,停職／解聘／復職文件
C40,分局承辦,7,01;03;11;15;20;22;33,06;14;16,1/3手機與案件文書
C41,漁會職員,2,18;39,,船舶紀錄
C42,港邊老漁民,2,17;36,,17/18金順發線
C43,廟務人員,11,06;07;09;10;12;13;25;27;28;29;40,,通用小角色
C44,鎮公所主持,3,15;36;40,,15/36/40公聽會
C45,吳母,0,,01;06,理賠與遺物家屬
C46,民宿老闆,6,01;02;03;06;09;10,,1–10住宿
C47,醫護人員,11,06;14;15;24;30;31;33;36;38;39;40,,急診/病房通用
C48,縣府查核人員,2,11;12,,11/12工作室使用限制
C49,保險公證人,0,,,2011/2026災損評估
C50,漁港漁工,2,01;40,,1發現遺體
C51,群眾,1,36,,具臺詞需標角色描述，群眾總體
C52,蔡母,0,,,38訊息，未另創實體場面
C53,阿凱,4,01;04;06;08,04;06;08,盛安理賠部同事，1/4/6；不得與冷凍廠工頭混用
C54,鎮公所民政承辦,1,07,07,07電話及窗口交付公祭名冊，同一功能角色；不與戶政承辦C36混用
