id,name,scene_count,scenes,episodes,note
P01,以恆手機殼,20,E01-S08;E01-S23;E08-S24;E09-S23;E09-S24;E21-S22;E26-S01;E26-S02;E26-S18;E26-S19;E26-S20;E26-S21;E26-S22;E29-S09;E31-S26;E34-S04;E38-S01;E40-S02;E40-S15;E40-S28,01;08;09;21;26;29;31;34;38;40,燒角；31交母親；上船前一晚留櫃檯
P02,理賠筆記本,123,E01-S03;E01-S04;E01-S06;E01-S07;E01-S08;E01-S09;E01-S13;E01-S14;E01-S15;E01-S22;E01-S23;E02-S02;E02-S03;E02-S04;E02-S06;E02-S07;E02-S09;E02-S14;E02-S22;E03-S01;E03-S02;E03-S03;E03-S04;E03-S05;E03-S06;E03-S07;E03-S09;E03-S10;E03-S13;E03-S17;E03-S18;E03-S20;E03-S21;E04-S02;E04-S03;E04-S07;E04-S12;E04-S14;E04-S17;E04-S21;E04-S22;E05-S03;E05-S04;E05-S07;E05-S08;E05-S20;E06-S03;E07-S07;E07-S08;E07-S18;E07-S20;E07-S21;E07-S23;E08-S03;E08-S07;E08-S24;E09-S01;E09-S03;E09-S14;E09-S17;E09-S22;E10-S09;E10-S18;E10-S20;E10-S22;E11-S02;E11-S18;E11-S20;E11-S22;E11-S24;E12-S01;E12-S06;E12-S07;E12-S08;E12-S16;E12-S17;E12-S20;E12-S21;E13-S02;E13-S08;E13-S11;E13-S18;E13-S22;E14-S02;E14-S09;E14-S10;E14-S16;E14-S18;E15-S14;E16-S03;E18-S17;E18-S18;E19-S03;E19-S04;E19-S20;E20-S06;E20-S12;E21-S02;E21-S04;E21-S07;E21-S08;E21-S19;E21-S22;E22-S01;E22-S02;E22-S07;E22-S08;E22-S09;E23-S04;E23-S11;E23-S17;E23-S20;E23-S21;E26-S22;E27-S03;E27-S12;E33-S14;E33-S24;E34-S02;E37-S07;E37-S22;E40-S01;E40-S28,01;02;03;04;05;06;07;08;09;10;11;12;13;14;15;16;18;19;20;21;22;23;26;27;33;34;37;40,最後兩行m10/m11未刪
P03,吳第二支手機,12,E01-S18;E01-S19;E01-S20;E01-S21;E01-S22;E01-S23;E02-S06;E02-S22;E03-S03;E03-S09;E03-S11;E03-S12,01;02;03,1取、3交分局；其照片備份在以寧手機
P04,以寧手機,306,E01-S09;E01-S11;E01-S12;E01-S13;E01-S15;E01-S20;E01-S22;E01-S23;E02-S03;E02-S04;E02-S06;E02-S07;E02-S14;E02-S16;E02-S18;E02-S19;E02-S21;E02-S22;E03-S01;E03-S04;E03-S10;E03-S12;E03-S13;E03-S16;E03-S21;E03-S22;E04-S05;E04-S21;E04-S22;E05-S04;E05-S06;E05-S07;E05-S12;E05-S13;E05-S14;E05-S15;E05-S16;E05-S17;E05-S18;E05-S19;E05-S20;E05-S22;E05-S23;E06-S01;E06-S03;E06-S07;E06-S08;E06-S09;E06-S10;E06-S13;E06-S14;E06-S15;E06-S21;E06-S23;E07-S04;E07-S06;E07-S07;E07-S08;E07-S15;E07-S16;E07-S21;E07-S24;E08-S01;E08-S03;E08-S04;E08-S10;E08-S11;E08-S12;E08-S15;E08-S22;E08-S24;E09-S01;E09-S02;E09-S03;E09-S04;E09-S05;E09-S06;E09-S07;E09-S08;E09-S09;E09-S12;E09-S13;E09-S14;E09-S17;E09-S18;E09-S19;E09-S20;E09-S22;E09-S24;E10-S02;E10-S05;E10-S07;E10-S08;E10-S09;E10-S18;E10-S20;E10-S22;E10-S24;E11-S12;E11-S13;E11-S16;E11-S19;E11-S23;E12-S03;E12-S14;E12-S23;E13-S05;E13-S06;E13-S11;E13-S13;E13-S15;E13-S17;E13-S20;E13-S21;E13-S22;E13-S24;E14-S02;E14-S03;E14-S05;E14-S10;E14-S11;E14-S15;E14-S17;E14-S23;E15-S03;E15-S04;E15-S17;E15-S23;E15-S24;E16-S02;E16-S03;E16-S04;E16-S06;E16-S07;E16-S08;E16-S10;E16-S12;E16-S15;E16-S16;E16-S22;E16-S23;E16-S24;E17-S03;E17-S05;E17-S11;E17-S14;E17-S18;E17-S20;E17-S21;E18-S01;E18-S04;E18-S05;E18-S09;E18-S10;E18-S11;E18-S12;E18-S22;E19-S03;E19-S06;E19-S08;E19-S12;E19-S13;E19-S17;E19-S18;E19-S20;E19-S21;E19-S22;E19-S23;E19-S24;E20-S01;E20-S02;E20-S03;E20-S05;E20-S06;E20-S08;E20-S09;E20-S10;E20-S11;E20-S12;E20-S14;E20-S16;E20-S18;E20-S19;E20-S23;E21-S22;E21-S23;E21-S24;E22-S03;E22-S13;E23-S10;E23-S11;E23-S15;E23-S21;E24-S05;E24-S15;E24-S18;E24-S24;E25-S01;E25-S04;E25-S05;E25-S06;E25-S07;E25-S09;E25-S11;E25-S13;E25-S14;E25-S20;E25-S21;E25-S22;E25-S23;E26-S01;E26-S08;E26-S09;E26-S11;E26-S12;E26-S13;E26-S14;E26-S15;E26-S17;E26-S22;E27-S04;E27-S08;E27-S11;E27-S12;E27-S13;E27-S16;E27-S18;E27-S19;E27-S20;E27-S21;E27-S22;E27-S23;E27-S24;E28-S02;E28-S05;E28-S07;E28-S08;E28-S11;E28-S14;E28-S15;E28-S17;E28-S22;E28-S23;E28-S24;E29-S01;E29-S02;E29-S08;E29-S17;E29-S18;E29-S19;E29-S21;E30-S02;E30-S03;E30-S05;E30-S09;E30-S10;E30-S12;E30-S13;E30-S14;E30-S16;E30-S17;E30-S20;E30-S24;E30-S28;E31-S02;E31-S10;E31-S13;E31-S16;E31-S20;E31-S27;E32-S11;E32-S16;E32-S18;E33-S03;E33-S08;E33-S10;E33-S15;E34-S03;E34-S12;E34-S15;E34-S16;E34-S22;E34-S24;E35-S09;E35-S16;E35-S21;E36-S01;E36-S02;E36-S03;E36-S05;E36-S07;E36-S08;E36-S16;E36-S22;E37-S02;E37-S11;E37-S23;E37-S24;E38-S04;E39-S02;E39-S05;E39-S09;E39-S10;E39-S11;E39-S17;E40-S29,01;02;03;04;05;06;07;08;09;10;11;12;13;14;15;16;17;18;19;20;21;22;23;24;25;26;27;28;29;30;31;32;33;34;35;36;37;38;39;40,名冊/錄音/照片；39送錄音入卷
P05,上船名冊照片,15,E01-S23;E02-S19;E10-S18;E10-S20;E11-S17;E20-S19;E20-S22;E20-S23;E26-S03;E26-S04;E26-S07;E26-S11;E26-S17;E28-S20;E34-S10,01;02;10;11;20;26;28;34,八個名字；以恆未到；20才解用途
P06,公祭名冊,15,E07-S18;E07-S19;E07-S23;E10-S18;E10-S20;E12-S01;E12-S02;E12-S03;E12-S06;E12-S07;E12-S16;E12-S17;E36-S16;E36-S17;E36-S18,07;10;12;36,十一個名字含以恆錯登
P07,2011底稿影本,27,E03-S16;E03-S19;E03-S20;E03-S21;E04-S05;E04-S06;E04-S07;E04-S19;E08-S05;E08-S06;E08-S07;E11-S17;E11-S18;E13-S08;E13-S18;E13-S22;E14-S22;E15-S13;E18-S09;E18-S16;E18-S17;E22-S01;E22-S03;E22-S04;E22-S09;E22-S11;E22-S12,03;04;08;11;13;14;15;18;22,3交以寧
P08,2011底稿原件殘頁,32,E11-S16;E11-S17;E11-S18;E11-S19;E11-S22;E11-S23;E11-S24;E12-S05;E12-S06;E12-S07;E12-S08;E12-S12;E12-S16;E12-S17;E12-S18;E12-S20;E12-S21;E12-S23;E28-S03;E28-S10;E28-S12;E28-S13;E29-S16;E29-S18;E29-S19;E31-S14;E33-S11;E33-S12;E33-S13;E33-S14;E34-S02;E40-S27,11;12;28;29;31;33;34;40,33交以寧；40還周抽屜
P09,層析儀,27,E03-S05;E03-S07;E03-S14;E03-S17;E03-S18;E03-S19;E08-S05;E11-S06;E11-S07;E11-S08;E11-S09;E11-S10;E12-S04;E14-S05;E14-S06;E14-S07;E21-S14;E21-S15;E31-S14;E32-S23;E33-S11;E33-S12;E33-S13;E33-S14;E35-S11;E37-S03;E40-S27,03;08;11;12;14;21;31;32;33;35;37;40,14扣押、21送回縣城、33裝箱留、40搬新址
P10,火險保單組,47,E04-S01;E04-S02;E04-S03;E04-S04;E04-S05;E04-S06;E04-S07;E04-S08;E04-S11;E04-S12;E04-S13;E04-S16;E04-S17;E04-S18;E04-S19;E04-S20;E04-S22;E07-S05;E07-S10;E07-S16;E07-S19;E07-S20;E08-S01;E08-S02;E08-S03;E08-S04;E08-S05;E08-S06;E08-S07;E08-S08;E08-S10;E08-S11;E08-S12;E08-S16;E08-S17;E08-S18;E08-S19;E08-S20;E08-S21;E08-S22;E11-S17;E27-S03;E27-S06;E27-S07;E28-S03;E28-S10;E28-S13,04;07;08;11;27;28,2011兩份；2026十二億；版號區分
P11,撫恤收據,35,E07-S06;E07-S07;E07-S11;E07-S12;E07-S13;E07-S14;E07-S22;E21-S02;E21-S03;E21-S04;E21-S07;E21-S11;E21-S19;E21-S22;E25-S16;E26-S12;E29-S09;E31-S26;E32-S15;E34-S04;E34-S13;E34-S14;E38-S01;E38-S03;E38-S05;E38-S06;E38-S07;E38-S08;E38-S09;E38-S16;E38-S17;E38-S22;E40-S02;E40-S15;E40-S28,07;21;25;26;29;31;32;34;38;40,80萬，母親原件
P12,安家費收據,27,E21-S02;E21-S03;E21-S07;E21-S08;E21-S11;E21-S19;E21-S22;E26-S12;E29-S09;E31-S26;E32-S15;E34-S04;E34-S13;E34-S14;E38-S01;E38-S03;E38-S05;E38-S06;E38-S07;E38-S08;E38-S09;E38-S16;E38-S17;E38-S22;E40-S02;E40-S15;E40-S28,21;26;29;31;32;34;38;40,21才出示
P13,不追究切結書,35,E07-S06;E07-S07;E07-S11;E07-S12;E07-S13;E07-S14;E07-S22;E21-S02;E21-S03;E21-S07;E21-S09;E21-S11;E21-S19;E21-S22;E21-S24;E26-S12;E29-S09;E31-S26;E32-S15;E34-S04;E38-S01;E38-S03;E38-S05;E38-S06;E38-S07;E38-S08;E38-S09;E38-S16;E38-S17;E38-S18;E38-S19;E38-S22;E40-S02;E40-S15;E40-S28,07;21;26;29;31;32;34;38;40,母親原件；翻拍勿混
P14,2011送件簿,15,E14-S19;E14-S20;E14-S21;E14-S22;E14-S23;E14-S24;E15-S03;E15-S09;E15-S13;E15-S14;E15-S19;E15-S22;E17-S11;E18-S16;E18-S17,14;15;17;18,14林簽名
P15,漁會出港登記簿,8,E18-S01;E18-S02;E18-S04;E18-S07;E18-S16;E18-S17;E20-S16;E20-S19,18;20,21:50被塗改
P16,金順發照片,25,E17-S07;E17-S08;E17-S11;E17-S12;E17-S13;E17-S16;E17-S18;E17-S19;E17-S20;E17-S21;E17-S22;E18-S01;E18-S03;E18-S04;E18-S06;E18-S07;E18-S08;E18-S23;E20-S15;E20-S16;E20-S17;E20-S18;E20-S19;E20-S23;E26-S04,17;18;20;26,17出現
P17,11號骨灰罈,13,E12-S24;E13-S07;E13-S12;E13-S13;E13-S15;E28-S04;E28-S17;E28-S18;E28-S19;E28-S20;E28-S21;E40-S05;E40-S24,12;13;28;40,銘牌以恆；13封條破；40正式移交
P18,骨灰檢驗報告,17,E13-S02;E13-S19;E13-S20;E13-S22;E13-S23;E18-S16;E18-S17;E22-S04;E22-S09;E22-S11;E22-S12;E22-S14;E28-S03;E28-S10;E28-S12;E28-S13;E40-S11,13;18;22;28;40,未取得可比對DNA
P19,林原始報告影本,10,E33-S24;E34-S02;E34-S03;E34-S05;E34-S06;E34-S07;E34-S08;E34-S09;E34-S11;E34-S12,33;34,33匿名來，34林妻證來源
P20,2011預算案影本,7,E17-S10;E17-S15;E17-S17;E17-S23;E17-S24;E18-S04;E34-S19,17;18;34,17信箱
P21,2011預算案原稿,8,E34-S18;E34-S19;E34-S20;E34-S21;E34-S22;E34-S23;E36-S11;E36-S12,34;36,34書妍交
P22,廟方捐款明細,14,E21-S16;E21-S21;E22-S22;E23-S02;E23-S17;E23-S18;E23-S19;E23-S20;E23-S21;E24-S05;E27-S07;E34-S23;E36-S11;E36-S12,21;22;23;24;27;34;36,21/23書妍線
P23,真帳2011–2019,12,E30-S07;E30-S10;E30-S18;E30-S19;E30-S21;E30-S26;E30-S27;E31-S14;E31-S16;E31-S17;E32-S23;E32-S24,30;31;32,30檢方保管；不可自行帶走
P24,假帳,7,E30-S07;E30-S10;E30-S18;E30-S19;E30-S21;E30-S26;E30-S27,30,30同時取得，新造乾淨版
P25,較早真帳尾頁照片,7,E24-S24;E25-S09;E31-S14;E31-S16;E31-S17;E33-S06;E37-S22,24;25;31;33;37,24柏諺交，一月前下一行空白
P26,2020後帳與搬運紀錄,3,E37-S18;E37-S21;E37-S22,37,37工務所查扣，D-7移帳
P27,金紙背面保險櫃圖,10,E28-S21;E28-S22;E28-S23;E29-S04;E29-S05;E29-S06;E29-S10;E29-S13;E30-S05;E30-S07,28;29;30,28阿鐘畫
P28,書妍父親通話錄音,8,E28-S24;E29-S01;E29-S02;E29-S05;E29-S06;E29-S07;E38-S21;E39-S08,28;29;38;39,28錄、29交；不是36後殿錄音
P29,後殿交換錄音,11,E36-S01;E36-S02;E36-S03;E36-S05;E36-S07;E36-S08;E36-S22;E39-S02;E39-S05;E39-S09;E39-S10,36;39,36以寧錄、39交
P30,杜原始照片46張,17,E26-S23;E30-S28;E31-S01;E32-S01;E32-S02;E32-S03;E32-S04;E32-S06;E32-S07;E32-S08;E32-S09;E32-S10;E32-S17;E32-S19;E32-S20;E32-S21;E32-S22,26;30;31;32,30先一張、32全交；20:40門開
P31,手機及螢幕素材,269,E01-S05;E01-S18;E02-S22;E03-S03;E04-S07;E04-S09;E04-S10;E04-S11;E05-S01;E05-S02;E05-S05;E05-S06;E05-S07;E05-S09;E05-S12;E05-S18;E05-S19;E05-S20;E05-S21;E05-S23;E05-S24;E06-S01;E06-S02;E06-S04;E06-S05;E06-S06;E06-S07;E06-S08;E06-S09;E06-S10;E06-S11;E06-S12;E06-S13;E06-S14;E06-S16;E06-S19;E06-S20;E07-S05;E08-S03;E08-S08;E08-S09;E08-S13;E08-S23;E09-S01;E09-S03;E09-S04;E09-S05;E09-S06;E09-S07;E09-S09;E09-S10;E09-S11;E09-S12;E09-S15;E09-S16;E09-S17;E09-S19;E09-S21;E10-S01;E10-S02;E10-S03;E10-S06;E10-S07;E10-S10;E10-S12;E10-S13;E10-S22;E10-S24;E11-S06;E11-S07;E11-S12;E11-S13;E12-S09;E12-S10;E14-S03;E14-S17;E15-S17;E15-S19;E15-S21;E17-S01;E17-S03;E17-S05;E17-S10;E17-S15;E17-S17;E17-S23;E18-S07;E18-S15;E18-S20;E18-S21;E19-S09;E19-S10;E19-S11;E19-S12;E19-S14;E19-S15;E19-S16;E19-S21;E19-S23;E20-S05;E20-S07;E20-S09;E20-S11;E20-S13;E21-S05;E21-S12;E21-S14;E21-S15;E21-S23;E22-S01;E22-S02;E22-S03;E22-S04;E22-S05;E22-S10;E22-S14;E22-S15;E22-S17;E22-S18;E22-S21;E22-S22;E22-S23;E22-S24;E23-S01;E23-S02;E23-S03;E23-S04;E23-S05;E23-S06;E23-S10;E23-S11;E23-S12;E23-S13;E23-S14;E23-S17;E23-S18;E23-S20;E23-S22;E23-S23;E24-S01;E24-S02;E24-S04;E24-S06;E24-S07;E24-S08;E24-S10;E24-S11;E24-S12;E24-S13;E24-S14;E24-S15;E24-S16;E24-S17;E24-S18;E24-S19;E24-S20;E24-S22;E24-S24;E26-S06;E26-S13;E26-S14;E26-S23;E27-S10;E27-S15;E27-S18;E27-S19;E27-S21;E27-S24;E28-S02;E28-S09;E28-S22;E28-S24;E29-S04;E29-S05;E29-S11;E29-S13;E29-S23;E30-S08;E30-S28;E31-S01;E31-S06;E31-S07;E31-S08;E31-S09;E31-S10;E31-S19;E31-S21;E31-S22;E31-S23;E32-S01;E32-S02;E32-S04;E32-S05;E32-S08;E32-S10;E32-S12;E32-S13;E32-S14;E32-S15;E32-S21;E32-S22;E32-S23;E32-S24;E33-S03;E33-S19;E33-S22;E33-S23;E34-S12;E34-S13;E34-S14;E34-S17;E34-S18;E34-S21;E35-S02;E35-S11;E35-S17;E35-S18;E35-S20;E36-S04;E36-S06;E36-S09;E36-S10;E36-S11;E36-S13;E36-S15;E36-S22;E37-S01;E37-S02;E37-S03;E37-S04;E37-S05;E37-S06;E37-S07;E37-S08;E37-S09;E37-S10;E37-S12;E37-S14;E37-S20;E37-S21;E37-S24;E38-S04;E38-S09;E38-S12;E38-S14;E38-S15;E38-S17;E38-S18;E38-S19;E38-S21;E38-S22;E38-S23;E38-S24;E39-S01;E39-S03;E39-S04;E39-S05;E39-S06;E39-S13;E39-S14;E39-S15;E39-S16;E39-S17;E39-S18;E39-S19;E39-S20;E39-S23;E39-S24;E40-S07,01;02;03;04;05;06;07;08;09;10;11;12;14;15;17;18;19;20;21;22;23;24;26;27;28;29;30;31;32;33;34;35;36;37;38;39;40,訊息、群組、選票圖卡均虛構
P32,行車紀錄器記憶卡,15,E34-S01;E35-S01;E35-S02;E35-S03;E35-S04;E35-S05;E35-S09;E35-S10;E35-S16;E35-S17;E35-S18;E35-S19;E35-S20;E35-S21;E35-S22,34;35,35林妻來源、2013/23:47
P33,相框,27,E02-S20;E13-S01;E13-S04;E13-S23;E20-S13;E20-S14;E25-S05;E25-S24;E26-S01;E26-S05;E26-S16;E26-S18;E26-S21;E27-S14;E29-S03;E29-S09;E29-S14;E29-S17;E29-S25;E30-S01;E30-S06;E30-S11;E30-S15;E30-S16;E31-S03;E31-S25;E31-S26,02;13;20;25;26;27;29;30;31,以恆照片，25回神明桌；30母親折返理由
P34,紙錢與香束,35,E02-S01;E07-S01;E07-S03;E07-S09;E12-S24;E20-S24;E22-S17;E22-S19;E22-S20;E22-S21;E22-S24;E23-S04;E28-S01;E28-S04;E28-S06;E28-S07;E28-S08;E28-S15;E28-S16;E28-S17;E28-S18;E28-S19;E28-S20;E28-S21;E28-S23;E29-S15;E29-S22;E29-S26;E30-S03;E30-S12;E39-S02;E39-S03;E39-S17;E39-S21;E39-S22,02;07;12;20;22;23;28;29;30;39,十二份；22哈迪香、28罈前
P35,法定文書與簽收單,516,E01-S03;E01-S04;E01-S05;E01-S06;E01-S07;E01-S08;E01-S10;E01-S11;E01-S12;E01-S14;E01-S16;E01-S17;E02-S08;E02-S10;E03-S02;E03-S05;E03-S06;E03-S07;E03-S08;E03-S09;E03-S11;E03-S12;E03-S13;E03-S14;E03-S15;E03-S17;E03-S20;E04-S01;E04-S02;E04-S03;E04-S04;E04-S06;E04-S08;E04-S11;E04-S12;E04-S13;E04-S14;E04-S15;E04-S16;E04-S17;E04-S18;E04-S19;E04-S20;E04-S21;E04-S22;E05-S03;E05-S04;E05-S08;E05-S14;E05-S19;E06-S02;E06-S03;E06-S09;E06-S10;E06-S11;E06-S12;E06-S13;E06-S14;E06-S15;E06-S16;E06-S17;E06-S18;E06-S19;E06-S20;E06-S22;E06-S23;E06-S24;E07-S03;E07-S05;E07-S08;E07-S09;E07-S10;E07-S16;E07-S18;E07-S19;E07-S20;E07-S21;E07-S23;E07-S24;E08-S02;E08-S04;E08-S06;E08-S08;E08-S09;E08-S10;E08-S11;E08-S12;E08-S13;E08-S14;E08-S15;E08-S16;E08-S19;E08-S20;E08-S21;E08-S22;E09-S02;E09-S08;E09-S10;E09-S11;E09-S12;E09-S13;E09-S16;E09-S21;E09-S22;E09-S23;E09-S24;E10-S01;E10-S02;E10-S05;E10-S06;E10-S10;E10-S11;E10-S12;E10-S13;E10-S14;E10-S15;E10-S23;E11-S02;E11-S03;E11-S06;E11-S07;E11-S08;E11-S09;E11-S10;E11-S12;E11-S13;E11-S14;E11-S16;E11-S17;E11-S18;E11-S19;E11-S20;E11-S21;E11-S22;E11-S23;E11-S24;E12-S02;E12-S03;E12-S04;E12-S05;E12-S08;E12-S09;E12-S10;E12-S11;E12-S13;E12-S14;E12-S15;E12-S21;E12-S22;E12-S23;E13-S01;E13-S02;E13-S03;E13-S04;E13-S05;E13-S07;E13-S08;E13-S10;E13-S11;E13-S13;E13-S14;E13-S16;E13-S17;E13-S18;E13-S19;E13-S22;E14-S04;E14-S05;E14-S06;E14-S07;E14-S08;E14-S09;E14-S11;E14-S12;E14-S13;E14-S14;E14-S16;E14-S18;E14-S19;E14-S20;E14-S21;E14-S22;E14-S23;E14-S24;E15-S02;E15-S03;E15-S04;E15-S05;E15-S06;E15-S07;E15-S08;E15-S09;E15-S10;E15-S11;E15-S12;E15-S13;E15-S14;E15-S15;E15-S16;E15-S18;E15-S19;E15-S20;E15-S21;E15-S22;E16-S03;E16-S04;E16-S06;E16-S09;E16-S10;E16-S11;E16-S17;E16-S18;E16-S19;E16-S20;E16-S21;E17-S01;E17-S02;E17-S03;E17-S04;E17-S05;E17-S06;E17-S07;E17-S08;E17-S10;E17-S11;E17-S12;E17-S13;E17-S14;E17-S15;E17-S21;E18-S02;E18-S05;E18-S08;E18-S10;E18-S12;E18-S13;E18-S14;E18-S16;E18-S17;E18-S18;E18-S19;E18-S21;E18-S22;E18-S23;E19-S01;E19-S02;E19-S05;E19-S06;E19-S07;E19-S08;E19-S09;E19-S12;E19-S13;E19-S14;E19-S16;E19-S19;E20-S03;E20-S04;E20-S06;E20-S07;E20-S08;E20-S09;E20-S10;E20-S12;E21-S05;E21-S06;E21-S10;E21-S14;E21-S16;E21-S18;E21-S21;E22-S06;E22-S11;E22-S12;E22-S13;E22-S14;E22-S15;E23-S01;E23-S02;E23-S05;E23-S06;E23-S10;E23-S11;E23-S22;E24-S13;E24-S20;E24-S21;E24-S22;E25-S01;E25-S02;E25-S03;E25-S04;E25-S06;E25-S07;E25-S08;E25-S10;E25-S11;E25-S12;E25-S13;E25-S14;E25-S16;E25-S17;E25-S19;E25-S20;E25-S21;E25-S22;E26-S03;E26-S04;E26-S06;E26-S07;E26-S08;E26-S09;E26-S10;E26-S11;E26-S15;E26-S17;E26-S22;E26-S24;E27-S01;E27-S02;E27-S03;E27-S04;E27-S05;E27-S06;E27-S07;E27-S08;E27-S09;E27-S10;E27-S11;E27-S12;E27-S13;E27-S14;E27-S17;E27-S19;E27-S20;E27-S21;E27-S22;E27-S24;E28-S03;E28-S10;E28-S11;E28-S12;E28-S13;E28-S14;E28-S15;E28-S16;E28-S23;E29-S02;E29-S04;E29-S05;E29-S06;E29-S07;E29-S08;E29-S10;E29-S12;E29-S16;E29-S18;E29-S19;E29-S20;E30-S02;E30-S09;E30-S17;E30-S21;E30-S22;E30-S23;E30-S24;E30-S26;E30-S27;E31-S01;E31-S02;E31-S04;E31-S05;E31-S06;E31-S07;E31-S08;E31-S11;E31-S12;E31-S13;E31-S14;E31-S15;E31-S16;E31-S17;E31-S18;E31-S27;E31-S28;E32-S01;E32-S02;E32-S03;E32-S04;E32-S06;E32-S07;E32-S08;E32-S09;E32-S10;E32-S11;E32-S13;E32-S14;E32-S17;E32-S18;E32-S19;E32-S20;E32-S21;E32-S23;E32-S24;E33-S02;E33-S03;E33-S05;E33-S06;E33-S07;E33-S08;E33-S09;E33-S10;E33-S11;E33-S12;E33-S13;E33-S15;E33-S16;E33-S17;E33-S18;E33-S19;E33-S20;E33-S22;E33-S23;E34-S01;E34-S02;E34-S05;E34-S06;E34-S07;E34-S08;E34-S09;E34-S10;E34-S11;E34-S16;E34-S17;E34-S18;E34-S20;E34-S23;E34-S24;E35-S02;E35-S03;E35-S04;E35-S06;E35-S07;E35-S08;E35-S16;E35-S22;E36-S02;E36-S03;E36-S04;E36-S06;E36-S08;E36-S09;E36-S11;E36-S12;E36-S13;E36-S14;E36-S16;E36-S17;E36-S18;E36-S19;E36-S20;E36-S21;E37-S03;E37-S04;E37-S06;E37-S07;E37-S08;E37-S09;E37-S10;E37-S11;E37-S12;E37-S13;E37-S14;E37-S15;E37-S16;E37-S20;E37-S21;E37-S22;E38-S04;E38-S05;E38-S06;E38-S07;E38-S10;E38-S11;E38-S12;E38-S13;E38-S14;E38-S21;E38-S23;E38-S24;E39-S01;E39-S07;E39-S08;E39-S10;E39-S11;E39-S12;E39-S14;E39-S15;E39-S23;E40-S04;E40-S06;E40-S07;E40-S08;E40-S09;E40-S10;E40-S12;E40-S13;E40-S14;E40-S16;E40-S19;E40-S20;E40-S21;E40-S22;E40-S25;E40-S27;E40-S28,01;02;03;04;05;06;07;08;09;10;11;12;13;14;15;16;17;18;19;20;21;22;23;24;25;26;27;28;29;30;31;32;33;34;35;36;37;38;39;40,不杜撰精確法條；依劇本臺詞可見內容
P36,食物與日常用品,247,E01-S03;E01-S10;E01-S16;E01-S17;E01-S21;E02-S02;E02-S05;E02-S08;E02-S09;E02-S10;E02-S11;E02-S12;E02-S13;E02-S15;E02-S16;E02-S17;E02-S18;E02-S19;E02-S20;E02-S21;E03-S08;E03-S15;E03-S18;E03-S22;E04-S09;E04-S10;E04-S15;E05-S02;E05-S03;E05-S05;E05-S10;E05-S11;E05-S12;E05-S13;E05-S15;E05-S16;E05-S17;E05-S22;E06-S02;E06-S04;E06-S06;E06-S07;E06-S21;E06-S22;E07-S01;E07-S02;E07-S04;E07-S11;E07-S12;E07-S13;E07-S14;E07-S15;E07-S17;E07-S22;E08-S05;E08-S09;E08-S14;E08-S17;E08-S18;E08-S20;E09-S02;E09-S07;E09-S23;E10-S04;E10-S08;E10-S11;E10-S14;E10-S15;E10-S16;E10-S17;E10-S19;E10-S21;E10-S23;E11-S03;E11-S04;E11-S05;E11-S10;E11-S11;E11-S15;E12-S01;E12-S02;E12-S12;E12-S15;E12-S17;E12-S18;E12-S19;E12-S20;E12-S22;E13-S01;E13-S04;E13-S10;E13-S16;E13-S22;E13-S23;E14-S01;E14-S04;E14-S08;E14-S10;E15-S02;E15-S06;E15-S11;E15-S22;E16-S05;E16-S10;E16-S15;E16-S22;E17-S04;E17-S06;E17-S07;E17-S09;E17-S16;E17-S19;E17-S22;E17-S24;E18-S03;E18-S06;E18-S23;E19-S01;E19-S02;E19-S03;E19-S04;E19-S10;E19-S11;E19-S17;E19-S22;E20-S01;E20-S02;E20-S04;E20-S08;E20-S10;E20-S13;E20-S17;E20-S22;E21-S04;E21-S09;E21-S11;E21-S13;E21-S15;E21-S17;E21-S18;E21-S20;E22-S10;E22-S16;E22-S18;E22-S19;E22-S22;E23-S04;E23-S07;E23-S08;E23-S09;E23-S13;E23-S14;E23-S16;E23-S23;E23-S24;E24-S03;E24-S04;E24-S09;E25-S02;E25-S05;E25-S06;E25-S15;E25-S16;E25-S17;E25-S18;E25-S19;E25-S22;E25-S23;E25-S24;E26-S02;E26-S05;E26-S06;E26-S10;E26-S16;E26-S18;E26-S19;E26-S20;E26-S21;E26-S24;E27-S01;E27-S02;E27-S04;E27-S05;E27-S14;E27-S22;E27-S23;E28-S04;E28-S09;E29-S01;E29-S03;E29-S09;E29-S12;E29-S14;E29-S15;E29-S17;E29-S22;E29-S26;E30-S03;E30-S06;E30-S12;E30-S25;E31-S03;E31-S04;E31-S11;E31-S18;E31-S24;E31-S25;E31-S26;E32-S05;E32-S12;E32-S15;E33-S01;E33-S04;E33-S09;E33-S11;E33-S14;E33-S21;E34-S04;E34-S05;E34-S13;E35-S10;E35-S12;E35-S13;E35-S14;E35-S15;E35-S17;E35-S20;E35-S23;E35-S24;E36-S14;E36-S19;E36-S21;E36-S23;E36-S24;E37-S02;E37-S05;E38-S01;E38-S08;E38-S15;E40-S02;E40-S03;E40-S06;E40-S14;E40-S17;E40-S25;E40-S26;E40-S29,01;02;03;04;05;06;07;08;09;10;11;12;13;14;15;16;17;18;19;20;21;22;23;24;25;26;27;28;29;30;31;32;33;34;35;36;37;38;40,豆漿/海產/飯碗，不商標
P37,服裝與傷妝,182,E01-S02;E01-S19;E01-S20;E01-S21;E02-S05;E02-S11;E02-S12;E02-S13;E02-S15;E05-S01;E05-S05;E05-S09;E05-S15;E05-S16;E05-S18;E05-S21;E06-S21;E06-S22;E06-S24;E07-S17;E08-S23;E10-S03;E10-S07;E10-S08;E10-S24;E13-S09;E13-S21;E13-S24;E14-S12;E14-S13;E14-S14;E14-S15;E15-S01;E15-S02;E15-S11;E15-S12;E15-S23;E16-S01;E16-S02;E16-S05;E16-S08;E16-S11;E16-S13;E16-S14;E16-S22;E17-S01;E17-S02;E18-S15;E19-S15;E19-S21;E20-S20;E20-S21;E20-S22;E20-S23;E23-S16;E24-S05;E24-S07;E24-S08;E24-S10;E24-S11;E24-S12;E24-S14;E24-S15;E24-S16;E24-S17;E24-S18;E24-S19;E24-S20;E24-S21;E24-S23;E24-S24;E25-S02;E25-S09;E25-S23;E26-S03;E26-S06;E27-S06;E27-S11;E27-S16;E27-S18;E27-S23;E28-S02;E28-S05;E29-S04;E29-S08;E29-S10;E29-S11;E29-S12;E29-S13;E29-S16;E29-S20;E29-S21;E29-S22;E29-S23;E29-S24;E30-S01;E30-S02;E30-S04;E30-S05;E30-S06;E30-S07;E30-S08;E30-S09;E30-S10;E30-S11;E30-S13;E30-S14;E30-S15;E30-S16;E30-S17;E30-S18;E30-S19;E30-S20;E30-S21;E30-S22;E30-S23;E30-S24;E30-S25;E31-S02;E31-S03;E31-S04;E31-S07;E31-S09;E31-S18;E31-S19;E31-S20;E31-S21;E31-S22;E31-S23;E31-S24;E31-S25;E31-S27;E31-S28;E32-S06;E32-S16;E32-S22;E33-S02;E33-S04;E33-S19;E33-S21;E33-S23;E35-S12;E36-S06;E36-S08;E36-S10;E36-S15;E36-S22;E36-S23;E37-S01;E37-S04;E37-S05;E37-S10;E37-S12;E37-S20;E37-S23;E38-S02;E38-S03;E38-S10;E38-S11;E38-S12;E38-S13;E38-S16;E38-S20;E38-S22;E39-S03;E39-S04;E39-S16;E39-S17;E39-S21;E39-S22;E39-S24;E40-S03;E40-S04;E40-S06;E40-S09;E40-S18;E40-S20;E40-S21;E40-S22;E40-S23;E40-S24;E40-S25,01;02;05;06;07;08;10;13;14;15;16;17;18;19;20;23;24;25;26;27;28;29;30;31;32;33;35;36;37;38;39;40,按故事日期/傷勢檢查
P38,監視器素材,7,E33-S01;E33-S02;E33-S19;E33-S20;E39-S23;E39-S24;E39-S25,33;39,33栽贓、39海哥背影
P39,橘子螢光帶,4,E03-S01;E03-S02;E03-S06;E40-S08,03;40,3/40當次表層水流
P40,汽油桶替身與火場道具,7,E01-S01;E20-S20;E20-S21;E29-S25;E30-S01;E30-S11;E30-S15,01;20;29;30,僅惰性道具；無可用縱火流程
P41,現金與金條道具,11,E05-S08;E20-S20;E27-S15;E27-S17;E31-S19;E31-S21;E31-S22;E33-S01;E33-S17;E33-S18;E37-S18,05;20;27;31;33;37,合法道具，不可流通
P42,車輛,130,E01-S09;E01-S15;E02-S01;E02-S04;E03-S04;E03-S10;E03-S16;E05-S01;E05-S06;E05-S09;E05-S14;E05-S20;E05-S21;E05-S23;E05-S24;E06-S01;E06-S08;E06-S23;E07-S17;E07-S24;E08-S01;E08-S13;E08-S14;E08-S15;E08-S16;E08-S21;E08-S22;E08-S23;E09-S03;E09-S09;E09-S14;E10-S01;E10-S09;E10-S21;E11-S02;E11-S14;E12-S05;E12-S14;E13-S06;E13-S09;E13-S20;E13-S21;E14-S02;E14-S03;E14-S11;E14-S15;E14-S18;E15-S01;E15-S12;E15-S23;E15-S24;E16-S01;E16-S12;E16-S13;E16-S14;E16-S16;E16-S23;E16-S24;E17-S01;E17-S17;E18-S14;E18-S20;E18-S24;E19-S05;E19-S18;E19-S19;E19-S23;E19-S24;E20-S02;E20-S10;E20-S14;E20-S15;E20-S22;E21-S18;E21-S23;E22-S22;E23-S03;E23-S12;E23-S22;E23-S23;E23-S24;E24-S01;E24-S02;E24-S03;E24-S07;E24-S08;E24-S10;E24-S11;E24-S12;E24-S14;E24-S17;E24-S19;E26-S09;E26-S24;E27-S09;E27-S15;E27-S16;E29-S21;E30-S20;E30-S23;E32-S05;E32-S16;E32-S18;E33-S01;E33-S02;E33-S10;E33-S15;E33-S16;E33-S17;E34-S15;E34-S17;E34-S22;E35-S01;E35-S05;E35-S09;E35-S19;E35-S23;E35-S24;E37-S01;E37-S04;E37-S10;E37-S19;E38-S03;E39-S01;E39-S12;E39-S13;E39-S19;E39-S20;E39-S25;E40-S26,01;02;03;05;06;07;08;09;10;11;12;13;14;15;16;17;18;19;20;21;22;23;24;26;27;29;30;32;33;34;35;37;38;39;40,不提供真實牌照
P43,桌椅及廟務物件,117,E05-S10;E05-S11;E05-S17;E05-S22;E05-S24;E06-S05;E06-S17;E06-S24;E07-S01;E07-S02;E07-S03;E07-S04;E07-S06;E07-S09;E07-S10;E07-S11;E07-S12;E07-S14;E07-S15;E07-S22;E08-S02;E08-S17;E08-S18;E08-S19;E09-S04;E09-S05;E09-S15;E09-S18;E09-S19;E09-S20;E10-S03;E10-S04;E10-S06;E10-S15;E10-S16;E10-S17;E10-S19;E10-S21;E10-S23;E11-S01;E11-S03;E11-S04;E11-S05;E11-S08;E11-S09;E11-S11;E11-S14;E11-S15;E11-S21;E12-S12;E12-S15;E12-S16;E12-S19;E12-S24;E13-S03;E13-S07;E13-S12;E14-S17;E14-S19;E15-S06;E15-S07;E15-S15;E15-S16;E15-S17;E15-S18;E15-S19;E15-S20;E20-S24;E21-S01;E22-S16;E22-S17;E22-S19;E22-S20;E22-S23;E25-S03;E25-S04;E25-S08;E25-S10;E25-S12;E25-S15;E25-S17;E25-S18;E25-S19;E25-S20;E27-S17;E27-S19;E28-S01;E28-S06;E28-S18;E29-S11;E29-S23;E29-S24;E30-S04;E30-S07;E30-S08;E30-S21;E30-S22;E31-S01;E31-S06;E34-S10;E36-S01;E36-S02;E36-S03;E36-S05;E36-S07;E36-S09;E38-S11;E38-S12;E38-S13;E38-S17;E38-S18;E38-S19;E38-S20;E39-S06;E40-S20;E40-S21;E40-S22,05;06;07;08;09;10;11;12;13;14;15;20;21;22;25;27;28;29;30;31;34;36;38;39;40,五人桌、三個篇序
P44,授權移交文件,6,E40-S05;E40-S11;E40-S15;E40-S16;E40-S17;E40-S24,40,40哈迪複核、家屬委託、母親移交
P45,搜索/扣押清單,22,E14-S06;E14-S07;E14-S08;E14-S16;E30-S26;E31-S05;E31-S12;E31-S15;E32-S20;E33-S16;E33-S17;E33-S18;E33-S20;E36-S01;E37-S12;E37-S16;E37-S17;E37-S18;E37-S19;E37-S21;E39-S12;E39-S13,14;30;31;32;33;36;37;39,37/39；程序不靠主角口頭命令
P46,冷凍廠殘骸箱與封存袋,20,E15-S24;E16-S01;E16-S03;E16-S07;E16-S11;E16-S12;E16-S13;E16-S14;E16-S16;E16-S17;E16-S18;E16-S19;E16-S20;E16-S21;E16-S23;E16-S24;E17-S01;E17-S02;E17-S03;E18-S15,15;16;17;18,16借取、17–18失去合法來源鏈；與14被扣層析儀分開
P47,宋建國查訪簽到及舊剪報,12,E17-S06;E17-S07;E17-S08;E17-S12;E17-S13;E17-S21;E35-S05;E35-S06;E35-S07;E35-S08;E35-S13;E35-S14,17;35,17父親調查軌跡；不直接證明死因
P48,漁工派工簿及哈迪身分資料,9,E22-S07;E22-S08;E22-S09;E22-S11;E22-S12;E29-S05;E34-S10;E34-S11;E40-S11,22;29;34;40,22疑似、28目擊、34正式複核；不可憑一張紙確證
P49,追蹤器與工具袋,12,E23-S16;E23-S23;E23-S24;E24-S01;E24-S02;E24-S03;E24-S08;E24-S10;E24-S12;E24-S24;E40-S04;E40-S27,23;24;40,24周發現跟蹤、33郭查陷害；外觀道具不演教學
P50,以恆高二X光片,6,E12-S18;E12-S19;E12-S20;E12-S21;E12-S22;E12-S23,12,12比較年齡疑點、筆記本夾層；非親緣鑑定
P51,殘骸私人檢驗資料,18,E16-S09;E16-S17;E16-S18;E16-S19;E16-S20;E16-S21;E16-S23;E16-S24;E17-S01;E17-S03;E18-S05;E18-S10;E18-S11;E18-S13;E18-S16;E18-S17;E18-S18;E18-S22,16;17;18,17–18冷凍廠樣本；來源鏈有爭議，不與13骨灰報告混用
P52,2011後倉帳冊與現金架,1,E20-S20,20,20觀眾補敘所見焚燒對象，不是2011–2019廟方真帳P23
P53,骨灰與牙根取樣容器,2,E13-S13;E13-S14,13,13少量樣本送實驗室，整個11號罈仍在功德堂
P54,十五張中秋出菜單,3,E38-S11;E38-S12;E38-S13,38,38阿嬤原件交檢方，逐年菜單並非新帳P26
P55,市場鐵鍊與斷線鉗及紀念牆草圖,12,E38-S09;E38-S12;E39-S21;E39-S22;E40-S03;E40-S12;E40-S18;E40-S19;E40-S20;E40-S21;E40-S22;E40-S23,38;39;40,40正式剪鏈進門；11名實際亡者加一個未解空格
P56,燒角無字威嚇紙,2,E08-S24;E09-S03,08;09,08由宋記鐵門縫進來，母親交以寧；09她收持，11僅回指；不可與P01燒角手機殼或P35法律文書混用
