role,registered_cast_id,scene_count,episodes,scenes,note
仲介,C22,14,17;18;22;26;35,E17-S19;E17-S20;E18-S06;E18-S07;E18-S08;E22-S05;E22-S06;E22-S07;E22-S08;E26-S04;E26-S07;E35-S06;E35-S07;E35-S08,角色臺詞稱謂；未編號小角色須另報具詞演員，職務同名是否共用演員由副導確認
來買醬油的客人,,1,11,E11-S04,角色臺詞稱謂；未編號小角色須另報具詞演員，職務同名是否共用演員由副導確認
便利商店店員,,2,09,E09-S21;E09-S23,角色臺詞稱謂；未編號小角色須另報具詞演員，職務同名是否共用演員由副導確認
值勤接線聲,,1,24,E24-S15,角色臺詞稱謂；未編號小角色須另報具詞演員，職務同名是否共用演員由副導確認
值庭人員,,1,33,E33-S05,角色臺詞稱謂；未編號小角色須另報具詞演員，職務同名是否共用演員由副導確認
分局副手,C15,19,11;14;15;18;20;22;26;33;37,E11-S21;E14-S06;E14-S07;E15-S05;E15-S10;E18-S21;E20-S03;E20-S04;E20-S07;E22-S12;E26-S08;E33-S16;E33-S17;E33-S18;E33-S19;E37-S10;E37-S12;E37-S19;E37-S21,角色臺詞稱謂；未編號小角色須另報具詞演員，職務同名是否共用演員由副導確認
分局承辦,C40,12,01;03;06;11;14;15;16;20;22,E01-S11;E01-S12;E03-S11;E03-S12;E06-S14;E11-S20;E14-S11;E15-S04;E15-S10;E16-S04;E20-S09;E22-S11,角色臺詞稱謂；未編號小角色須另報具詞演員，職務同名是否共用演員由副導確認
分局警員,,1,37,E37-S10,角色臺詞稱謂；未編號小角色須另報具詞演員，職務同名是否共用演員由副導確認
印尼室友,C24,7,01;40,E01-S16;E01-S17;E01-S18;E01-S19;E01-S20;E40-S17;E40-S26,角色臺詞稱謂；未編號小角色須另報具詞演員，職務同名是否共用演員由副導確認
印尼老漁工,C23,12,22;28;40,E22-S01;E22-S02;E22-S03;E22-S15;E22-S18;E22-S21;E22-S23;E28-S16;E40-S05;E40-S11;E40-S17;E40-S24,角色臺詞稱謂；未編號小角色須另報具詞演員，職務同名是否共用演員由副導確認
吳母,C45,2,01;06,E01-S13;E06-S03,角色臺詞稱謂；未編號小角色須另報具詞演員，職務同名是否共用演員由副導確認
周晏禮,C02,193,03;04;08;11;12;13;14;15;16;17;18;19;20;21;22;23;24;25;26;27;28;29;30;31;32;33;37;38;40,E03-S04;E03-S05;E03-S06;E03-S07;E03-S08;E03-S09;E03-S14;E03-S16;E03-S17;E03-S18;E03-S19;E03-S20;E04-S05;E08-S05;E08-S06;E08-S07;E08-S08;E08-S22;E11-S06;E11-S07;E11-S08;E11-S09;E11-S10;E11-S13;E11-S16;E11-S17;E11-S18;E11-S19;E11-S22;E11-S23;E11-S24;E12-S03;E12-S04;E12-S05;E12-S06;E12-S07;E12-S08;E12-S12;E12-S14;E12-S15;E12-S16;E12-S17;E12-S18;E12-S20;E12-S21;E12-S23;E13-S02;E13-S08;E13-S11;E13-S18;E13-S22;E14-S01;E14-S04;E14-S05;E14-S06;E14-S07;E14-S08;E14-S09;E14-S16;E14-S18;E14-S19;E14-S20;E14-S21;E14-S22;E15-S03;E15-S13;E15-S14;E15-S22;E16-S03;E16-S06;E16-S07;E16-S09;E16-S16;E16-S17;E16-S18;E16-S19;E16-S20;E16-S21;E17-S03;E17-S11;E17-S21;E18-S01;E18-S02;E18-S03;E18-S04;E18-S05;E18-S06;E18-S07;E18-S08;E18-S09;E18-S10;E18-S11;E18-S13;E18-S14;E18-S16;E18-S17;E18-S18;E18-S19;E19-S03;E19-S05;E19-S06;E19-S07;E19-S08;E19-S12;E19-S14;E19-S20;E20-S02;E20-S05;E20-S06;E20-S09;E20-S10;E21-S05;E21-S14;E21-S15;E21-S18;E21-S20;E21-S22;E22-S01;E22-S02;E22-S03;E22-S04;E22-S09;E22-S11;E22-S12;E22-S13;E22-S22;E23-S04;E23-S10;E23-S11;E23-S15;E23-S21;E24-S05;E24-S10;E24-S12;E24-S13;E24-S14;E24-S15;E24-S17;E24-S18;E24-S19;E24-S20;E24-S21;E25-S02;E25-S09;E25-S21;E25-S23;E26-S03;E26-S04;E26-S07;E26-S11;E26-S17;E27-S06;E27-S07;E27-S12;E27-S20;E27-S21;E27-S24;E28-S03;E28-S10;E28-S12;E28-S13;E28-S14;E28-S23;E29-S04;E29-S10;E29-S13;E29-S16;E29-S18;E29-S19;E29-S23;E30-S02;E30-S17;E30-S19;E30-S21;E30-S26;E30-S27;E31-S16;E32-S24;E33-S05;E33-S06;E33-S07;E33-S08;E33-S11;E33-S12;E33-S13;E33-S14;E37-S03;E37-S13;E37-S15;E37-S23;E38-S11;E40-S04;E40-S08,角色臺詞稱謂；未編號小角色須另報具詞演員，職務同名是否共用演員由副導確認
外甥的人,,1,28,E28-S22,角色臺詞稱謂；未編號小角色須另報具詞演員，職務同名是否共用演員由副導確認
夜巡保全,,1,03,E03-S21,角色臺詞稱謂；未編號小角色須另報具詞演員，職務同名是否共用演員由副導確認
宋以寧,C01,722,01;02;03;04;05;06;07;08;09;10;11;12;13;14;15;16;17;18;19;20;21;22;23;24;25;26;27;28;29;30;31;32;33;34;35;36;37;38;39;40,E01-S02;E01-S03;E01-S04;E01-S05;E01-S06;E01-S07;E01-S08;E01-S09;E01-S10;E01-S11;E01-S12;E01-S13;E01-S14;E01-S15;E01-S16;E01-S17;E01-S18;E01-S19;E01-S20;E01-S21;E01-S22;E01-S23;E02-S02;E02-S03;E02-S04;E02-S06;E02-S07;E02-S08;E02-S09;E02-S10;E02-S12;E02-S13;E02-S14;E02-S16;E02-S17;E02-S18;E02-S19;E02-S20;E02-S21;E02-S22;E03-S01;E03-S02;E03-S03;E03-S04;E03-S05;E03-S06;E03-S07;E03-S08;E03-S09;E03-S10;E03-S11;E03-S12;E03-S13;E03-S14;E03-S15;E03-S16;E03-S17;E03-S18;E03-S19;E03-S20;E03-S21;E03-S22;E04-S01;E04-S02;E04-S03;E04-S04;E04-S05;E04-S06;E04-S07;E04-S08;E04-S09;E04-S10;E04-S11;E04-S12;E04-S13;E04-S14;E04-S15;E04-S16;E04-S17;E04-S18;E04-S19;E04-S20;E04-S21;E04-S22;E05-S03;E05-S04;E05-S06;E05-S07;E05-S08;E05-S10;E05-S11;E05-S12;E05-S13;E05-S14;E05-S15;E05-S16;E05-S18;E05-S19;E05-S20;E05-S22;E05-S23;E06-S01;E06-S02;E06-S03;E06-S04;E06-S05;E06-S06;E06-S07;E06-S08;E06-S09;E06-S10;E06-S11;E06-S12;E06-S13;E06-S14;E06-S15;E06-S16;E06-S17;E06-S18;E06-S19;E06-S20;E06-S23;E06-S24;E07-S01;E07-S02;E07-S04;E07-S06;E07-S07;E07-S08;E07-S11;E07-S12;E07-S13;E07-S14;E07-S15;E07-S18;E07-S19;E07-S20;E07-S21;E07-S23;E07-S24;E08-S01;E08-S02;E08-S03;E08-S04;E08-S05;E08-S06;E08-S07;E08-S08;E08-S09;E08-S11;E08-S12;E08-S13;E08-S14;E08-S15;E08-S16;E08-S17;E08-S18;E08-S19;E08-S20;E08-S21;E08-S22;E09-S01;E09-S02;E09-S03;E09-S04;E09-S05;E09-S06;E09-S07;E09-S08;E09-S09;E09-S10;E09-S11;E09-S12;E09-S13;E09-S14;E09-S15;E09-S16;E09-S17;E09-S18;E09-S19;E09-S20;E09-S21;E09-S22;E09-S23;E10-S01;E10-S02;E10-S05;E10-S07;E10-S08;E10-S09;E10-S10;E10-S11;E10-S12;E10-S13;E10-S14;E10-S15;E10-S18;E10-S20;E10-S22;E10-S23;E10-S24;E11-S02;E11-S03;E11-S04;E11-S06;E11-S07;E11-S08;E11-S09;E11-S10;E11-S12;E11-S13;E11-S14;E11-S15;E11-S16;E11-S17;E11-S18;E11-S19;E11-S20;E11-S21;E11-S22;E11-S23;E11-S24;E12-S01;E12-S02;E12-S03;E12-S04;E12-S05;E12-S06;E12-S07;E12-S08;E12-S09;E12-S10;E12-S11;E12-S13;E12-S14;E12-S15;E12-S16;E12-S17;E12-S18;E12-S19;E12-S20;E12-S21;E12-S22;E12-S23;E12-S24;E13-S01;E13-S02;E13-S03;E13-S04;E13-S05;E13-S06;E13-S07;E13-S08;E13-S10;E13-S11;E13-S12;E13-S13;E13-S14;E13-S16;E13-S17;E13-S18;E13-S19;E13-S20;E13-S22;E13-S23;E13-S24;E14-S02;E14-S05;E14-S08;E14-S09;E14-S10;E14-S11;E14-S12;E14-S13;E14-S14;E14-S15;E14-S16;E14-S18;E14-S19;E14-S20;E14-S21;E14-S22;E14-S23;E14-S24;E15-S03;E15-S04;E15-S05;E15-S06;E15-S07;E15-S08;E15-S09;E15-S10;E15-S11;E15-S12;E15-S13;E15-S14;E15-S15;E15-S17;E15-S18;E15-S19;E15-S20;E15-S21;E15-S22;E15-S24;E16-S02;E16-S03;E16-S04;E16-S06;E16-S07;E16-S08;E16-S10;E16-S12;E16-S13;E16-S14;E16-S15;E16-S16;E16-S17;E16-S18;E16-S19;E16-S20;E16-S21;E16-S23;E16-S24;E17-S01;E17-S03;E17-S04;E17-S05;E17-S06;E17-S07;E17-S08;E17-S09;E17-S11;E17-S12;E17-S13;E17-S14;E17-S16;E17-S18;E17-S19;E17-S20;E17-S21;E17-S22;E18-S01;E18-S02;E18-S03;E18-S04;E18-S05;E18-S06;E18-S07;E18-S08;E18-S09;E18-S10;E18-S11;E18-S13;E18-S14;E18-S16;E18-S17;E18-S18;E18-S19;E18-S22;E18-S23;E18-S24;E19-S01;E19-S02;E19-S03;E19-S04;E19-S05;E19-S06;E19-S07;E19-S08;E19-S11;E19-S12;E19-S13;E19-S14;E19-S17;E19-S18;E19-S19;E19-S20;E19-S21;E19-S22;E19-S23;E19-S24;E20-S01;E20-S02;E20-S03;E20-S04;E20-S05;E20-S06;E20-S07;E20-S08;E20-S09;E20-S10;E20-S11;E20-S12;E20-S13;E20-S14;E20-S15;E20-S16;E20-S17;E20-S18;E20-S19;E20-S23;E20-S24;E21-S02;E21-S03;E21-S04;E21-S05;E21-S07;E21-S08;E21-S09;E21-S11;E21-S12;E21-S13;E21-S14;E21-S15;E21-S17;E21-S18;E21-S19;E21-S22;E21-S24;E22-S01;E22-S02;E22-S03;E22-S04;E22-S05;E22-S06;E22-S07;E22-S08;E22-S09;E22-S11;E22-S12;E22-S13;E22-S14;E22-S15;E22-S16;E22-S17;E22-S18;E22-S19;E22-S21;E22-S22;E22-S23;E22-S24;E23-S04;E23-S10;E23-S11;E23-S12;E23-S15;E23-S17;E23-S18;E23-S19;E23-S20;E23-S21;E24-S05;E24-S08;E24-S10;E24-S11;E24-S12;E24-S14;E24-S15;E24-S18;E24-S19;E24-S20;E24-S21;E24-S22;E24-S24;E25-S01;E25-S02;E25-S03;E25-S04;E25-S05;E25-S06;E25-S07;E25-S08;E25-S09;E25-S10;E25-S11;E25-S12;E25-S13;E25-S14;E25-S15;E25-S16;E25-S17;E25-S18;E25-S19;E25-S20;E25-S21;E25-S22;E25-S23;E25-S24;E26-S01;E26-S02;E26-S03;E26-S05;E26-S11;E26-S12;E26-S13;E26-S14;E26-S16;E26-S17;E26-S18;E26-S19;E26-S20;E26-S21;E26-S22;E27-S01;E27-S02;E27-S03;E27-S04;E27-S05;E27-S06;E27-S07;E27-S08;E27-S09;E27-S12;E27-S13;E27-S14;E27-S16;E27-S19;E27-S20;E27-S21;E27-S22;E27-S24;E28-S02;E28-S03;E28-S04;E28-S05;E28-S07;E28-S08;E28-S10;E28-S11;E28-S14;E28-S15;E28-S16;E28-S17;E28-S18;E28-S19;E28-S20;E28-S21;E28-S22;E28-S23;E29-S01;E29-S02;E29-S03;E29-S04;E29-S05;E29-S06;E29-S07;E29-S08;E29-S09;E29-S10;E29-S13;E29-S14;E29-S15;E29-S17;E29-S18;E29-S19;E29-S21;E29-S22;E29-S23;E30-S01;E30-S02;E30-S09;E30-S14;E30-S15;E30-S16;E30-S17;E30-S23;E30-S24;E30-S25;E30-S26;E30-S27;E30-S28;E31-S01;E31-S02;E31-S03;E31-S04;E31-S07;E31-S09;E31-S10;E31-S11;E31-S12;E31-S13;E31-S15;E31-S16;E31-S17;E31-S21;E31-S22;E31-S23;E31-S24;E31-S25;E31-S26;E31-S27;E32-S01;E32-S02;E32-S03;E32-S06;E32-S07;E32-S08;E32-S11;E32-S15;E32-S16;E32-S17;E32-S18;E33-S02;E33-S03;E33-S04;E33-S08;E33-S09;E33-S10;E33-S12;E33-S13;E33-S14;E33-S15;E33-S16;E33-S17;E33-S18;E33-S19;E33-S20;E33-S21;E33-S22;E33-S23;E34-S02;E34-S03;E34-S04;E34-S05;E34-S06;E34-S07;E34-S08;E34-S09;E34-S11;E34-S12;E34-S13;E34-S15;E34-S16;E34-S17;E34-S18;E34-S19;E34-S20;E34-S21;E34-S22;E34-S23;E35-S02;E35-S03;E35-S04;E35-S05;E35-S06;E35-S07;E35-S08;E35-S09;E35-S10;E35-S12;E35-S13;E35-S14;E35-S15;E35-S16;E35-S17;E35-S18;E35-S20;E35-S21;E35-S22;E35-S23;E36-S01;E36-S02;E36-S03;E36-S05;E36-S07;E36-S08;E36-S14;E36-S16;E36-S17;E36-S18;E36-S19;E36-S20;E36-S21;E36-S22;E36-S23;E37-S01;E37-S02;E37-S04;E37-S05;E37-S06;E37-S07;E37-S08;E37-S09;E37-S11;E37-S14;E37-S17;E37-S19;E37-S20;E37-S22;E37-S23;E38-S01;E38-S02;E38-S03;E38-S04;E38-S08;E38-S11;E38-S15;E38-S16;E38-S19;E38-S20;E38-S22;E38-S24;E39-S02;E39-S05;E39-S09;E39-S10;E39-S11;E39-S17;E39-S18;E39-S21;E39-S22;E40-S01;E40-S02;E40-S12;E40-S13;E40-S14;E40-S15;E40-S16;E40-S18;E40-S19;E40-S20;E40-S21,角色臺詞稱謂；未編號小角色須另報具詞演員，職務同名是否共用演員由副導確認
宋以恆,C17,1,40,E40-S29,角色臺詞稱謂；未編號小角色須另報具詞演員，職務同名是否共用演員由副導確認
宋建國,C18,1,35,E35-S19,角色臺詞稱謂；未編號小角色須另報具詞演員，職務同名是否共用演員由副導確認
宋美惠,C03,136,02;07;10;11;12;13;17;18;19;20;21;22;25;26;27;28;29;30;31;32;33;34;35;36;37;38;39;40,E02-S17;E02-S18;E02-S19;E02-S20;E07-S01;E07-S03;E07-S06;E07-S09;E07-S11;E07-S12;E07-S13;E07-S14;E07-S15;E07-S22;E10-S24;E11-S03;E11-S04;E11-S05;E11-S11;E11-S14;E11-S15;E12-S01;E12-S02;E12-S12;E12-S15;E12-S19;E12-S22;E13-S01;E13-S04;E13-S10;E17-S04;E17-S06;E17-S07;E17-S12;E17-S13;E17-S22;E18-S23;E19-S04;E19-S11;E19-S17;E19-S22;E20-S13;E20-S14;E20-S15;E20-S16;E20-S17;E20-S18;E20-S19;E20-S23;E21-S02;E21-S03;E21-S04;E21-S07;E21-S08;E21-S09;E21-S11;E21-S12;E21-S13;E21-S17;E21-S19;E22-S14;E22-S16;E25-S05;E26-S01;E26-S02;E26-S05;E26-S16;E26-S18;E26-S19;E26-S20;E26-S21;E26-S22;E27-S01;E27-S04;E27-S13;E27-S14;E27-S22;E28-S04;E28-S11;E29-S01;E29-S03;E29-S09;E29-S14;E29-S17;E29-S22;E30-S01;E30-S06;E30-S11;E30-S15;E30-S16;E31-S03;E31-S04;E31-S25;E32-S15;E33-S09;E34-S04;E34-S13;E34-S15;E35-S10;E35-S12;E35-S13;E35-S14;E35-S15;E35-S17;E35-S18;E35-S20;E35-S22;E35-S23;E36-S21;E36-S23;E37-S02;E37-S06;E37-S11;E38-S01;E38-S02;E38-S03;E38-S05;E38-S06;E38-S07;E38-S08;E38-S09;E38-S12;E38-S16;E38-S17;E38-S18;E38-S19;E38-S20;E38-S22;E39-S03;E39-S17;E39-S21;E39-S22;E40-S02;E40-S14;E40-S15;E40-S16,角色臺詞稱謂；未編號小角色須另報具詞演員，職務同名是否共用演員由副導確認
宏澤委任律師,,3,06,E06-S17;E06-S18;E06-S19,角色臺詞稱謂；未編號小角色須另報具詞演員，職務同名是否共用演員由副導確認
宏澤組頭,,3,05,E05-S01;E05-S09;E05-S21,角色臺詞稱謂；未編號小角色須另報具詞演員，職務同名是否共用演員由副導確認
宿舍管理人,,1,01,E01-S16,角色臺詞稱謂；未編號小角色須另報具詞演員，職務同名是否共用演員由副導確認
實驗室人員,C37,3,13,E13-S05;E13-S14;E13-S19,角色臺詞稱謂；未編號小角色須另報具詞演員，職務同名是否共用演員由副導確認
巡邏員警,,2,03,E03-S01;E03-S02,角色臺詞稱謂；未編號小角色須另報具詞演員，職務同名是否共用演員由副導確認
工頭,C31,10,05;13;15;16;17;18;19;37,E05-S05;E13-S09;E13-S21;E15-S23;E16-S01;E16-S11;E17-S02;E18-S15;E19-S15;E37-S17,角色臺詞稱謂；未編號小角色須另報具詞演員，職務同名是否共用演員由副導確認
市場攤商,,3,40,E40-S20;E40-S21;E40-S22,角色臺詞稱謂；未編號小角色須另報具詞演員，職務同名是否共用演員由副導確認
帶人者甲,,1,24,E24-S11,角色臺詞稱謂；未編號小角色須另報具詞演員，職務同名是否共用演員由副導確認
店員,,1,33,E33-S11,角色臺詞稱謂；未編號小角色須另報具詞演員，職務同名是否共用演員由副導確認
廟務人員,C43,22,06;07;09;10;12;13;25;27;28;29;40,E06-S05;E07-S03;E07-S09;E09-S15;E09-S18;E09-S20;E10-S04;E12-S24;E13-S03;E13-S12;E13-S13;E25-S08;E25-S11;E25-S22;E27-S19;E28-S01;E28-S06;E28-S17;E29-S11;E40-S05;E40-S11;E40-S24,角色臺詞稱謂；未編號小角色須另報具詞演員，職務同名是否共用演員由副導確認
廟埕鄰居,,1,11,E11-S05,角色臺詞稱謂；未編號小角色須另報具詞演員，職務同名是否共用演員由副導確認
廟埕阿婆,,1,30,E30-S23,角色臺詞稱謂；未編號小角色須另報具詞演員，職務同名是否共用演員由副導確認
律所同事,,7,17;19;23,E17-S10;E17-S15;E17-S17;E19-S09;E19-S16;E23-S01;E23-S02,角色臺詞稱謂；未編號小角色須另報具詞演員，職務同名是否共用演員由副導確認
戶政承辦,C36,4,12,E12-S09;E12-S10;E12-S11;E12-S13,角色臺詞稱謂；未編號小角色須另報具詞演員，職務同名是否共用演員由副導確認
打手乙,,1,24,E24-S16,角色臺詞稱謂；未編號小角色須另報具詞演員，職務同名是否共用演員由副導確認
打手甲,,1,24,E24-S16,角色臺詞稱謂；未編號小角色須另報具詞演員，職務同名是否共用演員由副導確認
承辦人員,,2,39,E39-S02;E39-S07,角色臺詞稱謂；未編號小角色須另報具詞演員，職務同名是否共用演員由副導確認
承辦檢察官,C16,50,19;20;28;29;30;31;32;33;34;35;36;37;38;39;40,E19-S07;E20-S12;E28-S13;E29-S05;E29-S06;E29-S07;E30-S09;E30-S14;E30-S21;E30-S22;E30-S23;E30-S26;E30-S27;E31-S05;E31-S12;E31-S15;E32-S09;E32-S19;E32-S20;E33-S06;E33-S07;E33-S18;E33-S19;E33-S20;E34-S09;E34-S10;E34-S11;E34-S23;E35-S22;E36-S06;E36-S20;E37-S09;E37-S14;E37-S15;E37-S16;E37-S17;E37-S18;E37-S19;E37-S21;E37-S22;E38-S05;E38-S06;E38-S07;E38-S21;E38-S23;E39-S08;E39-S09;E39-S10;E39-S12;E40-S08,角色臺詞稱謂；未編號小角色須另報具詞演員，職務同名是否共用演員由副導確認
技術協作者,,1,39,E39-S01,角色臺詞稱謂；未編號小角色須另報具詞演員，職務同名是否共用演員由副導確認
拆門師傅,,1,10,E10-S03,角色臺詞稱謂；未編號小角色須另報具詞演員，職務同名是否共用演員由副導確認
攝影員,,2,21;39,E21-S23;E39-S20,角色臺詞稱謂；未編號小角色須另報具詞演員，職務同名是否共用演員由副導確認
攤販,,1,20,E20-S21,角色臺詞稱謂；未編號小角色須另報具詞演員，職務同名是否共用演員由副導確認
收發人員,,1,18,E18-S19,角色臺詞稱謂；未編號小角色須另報具詞演員，職務同名是否共用演員由副導確認
救濟案件承辦,,1,37,E37-S03,角色臺詞稱謂；未編號小角色須另報具詞演員，職務同名是否共用演員由副導確認
救護接線員,,1,30,E30-S20,角色臺詞稱謂；未編號小角色須另報具詞演員，職務同名是否共用演員由副導確認
新上線,,3,23;27,E23-S23;E23-S24;E27-S18,角色臺詞稱謂；未編號小角色須另報具詞演員，職務同名是否共用演員由副導確認
新聞播報聲,,2,21;39,E21-S12;E39-S13,角色臺詞稱謂；未編號小角色須另報具詞演員，職務同名是否共用演員由副導確認
新聞記者,,2,31,E31-S08;E31-S09,角色臺詞稱謂；未編號小角色須另報具詞演員，職務同名是否共用演員由副導確認
施襲者甲,,1,15,E15-S01,角色臺詞稱謂；未編號小角色須另報具詞演員，職務同名是否共用演員由副導確認
服務臺人員,,1,37,E37-S13,角色臺詞稱謂；未編號小角色須另報具詞演員，職務同名是否共用演員由副導確認
杜可薇,C12,50,09;10;15;21;26;30;31;32;33;34;35;36;37;38;39,E09-S01;E09-S05;E09-S06;E09-S07;E09-S08;E09-S19;E10-S16;E10-S17;E10-S19;E10-S21;E15-S17;E15-S21;E21-S23;E26-S12;E26-S13;E26-S14;E26-S23;E30-S28;E31-S28;E32-S01;E32-S02;E32-S03;E32-S04;E32-S06;E32-S07;E32-S08;E32-S09;E32-S10;E32-S13;E32-S14;E32-S17;E32-S19;E32-S20;E32-S21;E32-S24;E33-S03;E33-S15;E34-S12;E34-S22;E35-S21;E36-S06;E36-S16;E36-S22;E37-S08;E38-S09;E38-S12;E39-S01;E39-S05;E39-S14;E39-S20,角色臺詞稱謂；未編號小角色須另報具詞演員，職務同名是否共用演員由副導確認
林妻,C21,13,19;20;34;35,E19-S10;E20-S04;E20-S07;E20-S08;E34-S01;E34-S03;E34-S05;E34-S06;E34-S07;E34-S08;E34-S09;E35-S03;E35-S04,角色臺詞稱謂；未編號小角色須另報具詞演員，職務同名是否共用演員由副導確認
林正雄,C10,19,10;15;18;19,E10-S16;E10-S17;E10-S19;E10-S21;E10-S24;E15-S06;E15-S07;E15-S08;E15-S09;E15-S19;E15-S20;E18-S21;E18-S24;E19-S01;E19-S02;E19-S10;E19-S18;E19-S19;E19-S24,角色臺詞稱謂；未編號小角色須另報具詞演員，職務同名是否共用演員由副導確認
核保同事,,1,04,E04-S11,角色臺詞稱謂；未編號小角色須另報具詞演員，職務同名是否共用演員由副導確認
樣品屋保全,,5,08,E08-S01;E08-S02;E08-S16;E08-S21;E08-S23,角色臺詞稱謂；未編號小角色須另報具詞演員，職務同名是否共用演員由副導確認
檔案管理員,,5,04,E04-S01;E04-S02;E04-S04;E04-S16;E04-S19,角色臺詞稱謂；未編號小角色須另報具詞演員，職務同名是否共用演員由副導確認
檢察事務官,,1,28,E28-S12,角色臺詞稱謂；未編號小角色須另報具詞演員，職務同名是否共用演員由副導確認
檢調人員,,1,10,E10-S01,角色臺詞稱謂；未編號小角色須另報具詞演員，職務同名是否共用演員由副導確認
民宿老闆,C46,14,01;02;03;06;09;10,E01-S10;E01-S21;E02-S02;E02-S06;E02-S08;E02-S21;E02-S22;E03-S03;E03-S15;E06-S02;E09-S02;E10-S02;E10-S15;E10-S23,角色臺詞稱謂；未編號小角色須另報具詞演員，職務同名是否共用演員由副導確認
法遵主管,,5,06,E06-S10;E06-S11;E06-S12;E06-S16;E06-S20,角色臺詞稱謂；未編號小角色須另報具詞演員，職務同名是否共用演員由副導確認
海哥,C20,2,24;37,E24-S17;E37-S24,角色臺詞稱謂；未編號小角色須另報具詞演員，職務同名是否共用演員由副導確認
消防接線員,,1,30,E30-S13,角色臺詞稱謂；未編號小角色須另報具詞演員，職務同名是否共用演員由副導確認
消防隊員,,1,08,E08-S23,角色臺詞稱謂；未編號小角色須另報具詞演員，職務同名是否共用演員由副導確認
添隆幹部乙,,1,07,E07-S05,角色臺詞稱謂；未編號小角色須另報具詞演員，職務同名是否共用演員由副導確認
添隆幹部甲,,2,07,E07-S05;E07-S10,角色臺詞稱謂；未編號小角色須另報具詞演員，職務同名是否共用演員由副導確認
港邊老漁民,C42,5,17;36,E17-S16;E17-S18;E17-S19;E36-S19;E36-S20,角色臺詞稱謂；未編號小角色須另報具詞演員，職務同名是否共用演員由副導確認
漁工甲,,1,22,E22-S18,角色臺詞稱謂；未編號小角色須另報具詞演員，職務同名是否共用演員由副導確認
漁會職員,C41,3,18;39,E18-S01;E18-S02;E39-S23,角色臺詞稱謂；未編號小角色須另報具詞演員，職務同名是否共用演員由副導確認
漁港漁工,C50,2,01,E01-S02;E01-S14,角色臺詞稱謂；未編號小角色須另報具詞演員，職務同名是否共用演員由副導確認
現場記者,,3,04;10,E04-S10;E10-S01;E10-S06,角色臺詞稱謂；未編號小角色須另報具詞演員，職務同名是否共用演員由副導確認
理賠部同事,,1,09,E09-S10,角色臺詞稱謂；未編號小角色須另報具詞演員，職務同名是否共用演員由副導確認
病房家屬,,1,39,E39-S16,角色臺詞稱謂；未編號小角色須另報具詞演員，職務同名是否共用演員由副導確認
盛安人資,C39,4,10;27,E10-S10;E10-S12;E10-S13;E27-S13,角色臺詞稱謂；未編號小角色須另報具詞演員，職務同名是否共用演員由副導確認
盛安法務,C38,6,10;27,E10-S05;E10-S10;E10-S12;E10-S13;E27-S10;E27-S13,角色臺詞稱謂；未編號小角色須另報具詞演員，職務同名是否共用演員由副導確認
縣府查核人員,C48,5,11;12,E11-S06;E11-S07;E11-S08;E11-S09;E12-S04,角色臺詞稱謂；未編號小角色須另報具詞演員，職務同名是否共用演員由副導確認
縣府發言人,,1,10,E10-S06,角色臺詞稱謂；未編號小角色須另報具詞演員，職務同名是否共用演員由副導確認
罹難者家屬,,1,22,E22-S19,角色臺詞稱謂；未編號小角色須另報具詞演員，職務同名是否共用演員由副導確認
群眾丁,,2,36,E36-S19;E36-S20,角色臺詞稱謂；未編號小角色須另報具詞演員，職務同名是否共用演員由副導確認
群眾丙,,1,36,E36-S13,角色臺詞稱謂；未編號小角色須另報具詞演員，職務同名是否共用演員由副導確認
群眾乙,,1,36,E36-S11,角色臺詞稱謂；未編號小角色須另報具詞演員，職務同名是否共用演員由副導確認
群眾戊,,1,36,E36-S19,角色臺詞稱謂；未編號小角色須另報具詞演員，職務同名是否共用演員由副導確認
群眾甲,,2,36,E36-S09;E36-S17,角色臺詞稱謂；未編號小角色須另報具詞演員，職務同名是否共用演員由副導確認
老客,,1,19,E19-S11,角色臺詞稱謂；未編號小角色須另報具詞演員，職務同名是否共用演員由副導確認
老客人,,1,21,E21-S12,角色臺詞稱謂；未編號小角色須另報具詞演員，職務同名是否共用演員由副導確認
蔡助理,C34,12,21;23;31;32;34;36;38;39,E21-S16;E23-S03;E23-S22;E31-S06;E31-S19;E31-S21;E32-S12;E34-S14;E36-S04;E38-S14;E39-S06;E39-S12,角色臺詞稱謂；未編號小角色須另報具詞演員，職務同名是否共用演員由副導確認
蔡承澔,C13,51,04;09;10;15;21;23;26;28;29;30;31;32;34;35;36;37;38;39,E04-S10;E09-S01;E10-S16;E10-S17;E10-S19;E10-S21;E15-S16;E15-S18;E15-S19;E15-S20;E21-S06;E21-S10;E21-S21;E23-S05;E23-S06;E23-S13;E23-S14;E26-S09;E26-S10;E28-S09;E28-S24;E29-S01;E29-S23;E30-S22;E31-S06;E31-S08;E31-S09;E31-S19;E31-S21;E31-S22;E31-S23;E32-S05;E32-S12;E34-S14;E35-S24;E36-S01;E36-S02;E36-S03;E36-S05;E36-S07;E36-S09;E36-S12;E36-S13;E36-S17;E36-S19;E37-S20;E38-S14;E38-S17;E38-S18;E39-S06;E39-S19,角色臺詞稱謂；未編號小角色須另報具詞演員，職務同名是否共用演員由副導確認
蔡書妍,C06,78,07;15;17;19;21;23;24;26;27;28;29;30;32;34;36;38;39,E07-S05;E07-S10;E07-S16;E07-S19;E07-S20;E07-S24;E15-S15;E15-S16;E15-S21;E17-S10;E17-S15;E17-S17;E17-S23;E19-S09;E19-S16;E21-S06;E21-S10;E21-S16;E21-S21;E23-S01;E23-S02;E23-S03;E23-S05;E23-S06;E23-S07;E23-S08;E23-S09;E23-S13;E23-S14;E23-S17;E23-S18;E23-S19;E23-S20;E23-S22;E24-S01;E24-S02;E24-S03;E24-S04;E24-S06;E24-S07;E24-S09;E24-S13;E24-S22;E26-S06;E26-S08;E26-S09;E26-S10;E26-S15;E27-S11;E28-S09;E29-S01;E29-S02;E29-S12;E29-S20;E29-S22;E30-S03;E30-S24;E32-S05;E32-S12;E34-S18;E34-S19;E34-S20;E34-S21;E36-S04;E36-S08;E36-S11;E36-S12;E36-S13;E36-S14;E36-S21;E38-S15;E38-S21;E38-S23;E39-S07;E39-S08;E39-S11;E39-S14;E39-S15,角色臺詞稱謂；未編號小角色須另報具詞演員，職務同名是否共用演員由副導確認
視窗人員,,1,27,E27-S08,角色臺詞稱謂；未編號小角色須另報具詞演員，職務同名是否共用演員由副導確認
記者乙,,3,27;38;39,E27-S09;E38-S14;E39-S19,角色臺詞稱謂；未編號小角色須另報具詞演員，職務同名是否共用演員由副導確認
記者甲,,4,27;38;39,E27-S09;E38-S14;E39-S13;E39-S19,角色臺詞稱謂；未編號小角色須另報具詞演員，職務同名是否共用演員由副導確認
許明達,C08,54,01;02;03;04;06;07;08;09;10;11;17;19;27;31;32;34;40,E01-S04;E01-S06;E01-S07;E01-S09;E01-S15;E01-S22;E02-S04;E02-S07;E03-S10;E03-S13;E04-S08;E04-S13;E04-S14;E04-S18;E04-S20;E06-S12;E06-S13;E06-S15;E06-S16;E06-S17;E06-S18;E06-S19;E06-S20;E07-S16;E07-S21;E08-S10;E08-S11;E08-S12;E08-S13;E08-S14;E09-S11;E09-S12;E09-S13;E10-S11;E10-S13;E10-S14;E11-S12;E11-S13;E17-S14;E19-S13;E27-S01;E27-S02;E27-S03;E27-S05;E27-S06;E27-S07;E27-S08;E27-S09;E27-S10;E31-S13;E32-S11;E34-S16;E40-S13;E40-S14,角色臺詞稱謂；未編號小角色須另報具詞演員，職務同名是否共用演員由副導確認
調查官乙,C30,7,30;37;39;40,E30-S09;E30-S14;E37-S16;E37-S18;E39-S13;E40-S09;E40-S11,角色臺詞稱謂；未編號小角色須另報具詞演員，職務同名是否共用演員由副導確認
調查官甲,C29,12,30;37;38;39;40,E30-S09;E30-S13;E30-S15;E30-S16;E30-S22;E37-S16;E37-S17;E37-S18;E38-S04;E38-S13;E39-S12;E40-S08,角色臺詞稱謂；未編號小角色須另報具詞演員，職務同名是否共用演員由副導確認
譯員,,4,40,E40-S05;E40-S11;E40-S17;E40-S24,角色臺詞稱謂；未編號小角色須另報具詞演員，職務同名是否共用演員由副導確認
買醬油的鄰居,,1,02,E02-S16,角色臺詞稱謂；未編號小角色須另報具詞演員，職務同名是否共用演員由副導確認
買飲料的少年,,1,07,E07-S04,角色臺詞稱謂；未編號小角色須另報具詞演員，職務同名是否共用演員由副導確認
賒帳老客人,,2,07,E07-S02;E07-S22,角色臺詞稱謂；未編號小角色須另報具詞演員，職務同名是否共用演員由副導確認
路過信眾,,2,09,E09-S15;E09-S18,角色臺詞稱謂；未編號小角色須另報具詞演員，職務同名是否共用演員由副導確認
路過菜販,,1,02,E02-S03,角色臺詞稱謂；未編號小角色須另報具詞演員，職務同名是否共用演員由副導確認
追趕者甲,,1,30,E30-S18,角色臺詞稱謂；未編號小角色須另報具詞演員，職務同名是否共用演員由副導確認
退休鑑識前輩,C26,6,14,E14-S01;E14-S04;E14-S17;E14-S19;E14-S20;E14-S21,角色臺詞稱謂；未編號小角色須另報具詞演員，職務同名是否共用演員由副導確認
送件人,,1,28,E28-S11,角色臺詞稱謂；未編號小角色須另報具詞演員，職務同名是否共用演員由副導確認
送貨員,,2,21;31,E21-S11;E31-S11,角色臺詞稱謂；未編號小角色須另報具詞演員，職務同名是否共用演員由副導確認
造勢主持,,3,38,E38-S17;E38-S18;E38-S19,角色臺詞稱謂；未編號小角色須另報具詞演員，職務同名是否共用演員由副導確認
郭志豪,C07,119,04;05;06;08;09;10;13;14;15;19;20;23;24;27;28;29;30;31;32;33;34;35;36;37;38;39;40,E04-S22;E05-S03;E05-S04;E05-S06;E05-S07;E05-S08;E05-S12;E05-S14;E05-S20;E05-S23;E05-S24;E06-S01;E06-S08;E08-S03;E08-S15;E08-S23;E09-S03;E09-S09;E09-S14;E09-S17;E09-S22;E10-S09;E10-S18;E10-S22;E13-S06;E14-S02;E14-S03;E14-S13;E14-S14;E14-S15;E14-S23;E15-S01;E15-S02;E15-S11;E15-S12;E19-S21;E20-S11;E23-S10;E23-S11;E24-S05;E24-S10;E24-S12;E24-S14;E24-S15;E24-S17;E24-S18;E24-S19;E27-S16;E27-S21;E27-S23;E28-S02;E28-S05;E28-S08;E28-S15;E28-S22;E28-S23;E29-S04;E29-S08;E29-S10;E29-S13;E29-S16;E29-S21;E30-S02;E30-S05;E30-S20;E30-S24;E31-S02;E31-S07;E31-S10;E31-S11;E31-S16;E31-S17;E31-S18;E31-S27;E32-S16;E32-S18;E33-S02;E33-S10;E33-S19;E33-S20;E33-S21;E33-S22;E34-S02;E34-S03;E34-S05;E34-S06;E34-S08;E34-S17;E35-S02;E35-S03;E35-S04;E35-S05;E35-S06;E35-S07;E35-S08;E35-S09;E35-S16;E35-S22;E36-S06;E36-S16;E36-S22;E37-S01;E37-S04;E37-S07;E37-S10;E37-S11;E37-S12;E37-S20;E38-S03;E39-S04;E39-S23;E39-S24;E40-S03;E40-S04;E40-S06;E40-S09;E40-S18;E40-S21;E40-S25,角色臺詞稱謂；未編號小角色須另報具詞演員，職務同名是否共用演員由副導確認
郵務人員,,1,34,E34-S01,角色臺詞稱謂；未編號小角色須另報具詞演員，職務同名是否共用演員由副導確認
鄰居,,1,34,E34-S13,角色臺詞稱謂；未編號小角色須另報具詞演員，職務同名是否共用演員由副導確認
醫護人員,C47,21,06;14;15;24;30;31;33;36;38;39;40,E06-S22;E14-S12;E15-S02;E24-S19;E24-S20;E24-S21;E30-S16;E30-S24;E30-S25;E31-S02;E31-S03;E31-S04;E31-S18;E31-S19;E31-S20;E33-S04;E36-S10;E36-S15;E38-S10;E39-S16;E40-S25,角色臺詞稱謂；未編號小角色須另報具詞演員，職務同名是否共用演員由副導確認
鎮公所主持,C44,15,15;36;40,E15-S15;E15-S18;E15-S20;E36-S04;E36-S06;E36-S09;E36-S11;E36-S12;E36-S14;E36-S17;E40-S12;E40-S19;E40-S20;E40-S21;E40-S22,角色臺詞稱謂；未編號小角色須另報具詞演員，職務同名是否共用演員由副導確認
鎮公所主管,,1,07,E07-S10,角色臺詞稱謂；未編號小角色須另報具詞演員，職務同名是否共用演員由副導確認
鎮公所值班職員,,1,09,E09-S16,角色臺詞稱謂；未編號小角色須另報具詞演員，職務同名是否共用演員由副導確認
鎮公所工作人員,,1,40,E40-S18,角色臺詞稱謂；未編號小角色須另報具詞演員，職務同名是否共用演員由副導確認
鎮公所民政承辦,C54,3,07,E07-S08;E07-S18;E07-S23,角色臺詞稱謂；未編號小角色須另報具詞演員，職務同名是否共用演員由副導確認
鎮民,,4,38;39;40,E38-S12;E38-S20;E39-S18;E40-S21,角色臺詞稱謂；未編號小角色須另報具詞演員，職務同名是否共用演員由副導確認
鎮民母親,,1,30,E30-S18,角色臺詞稱謂；未編號小角色須另報具詞演員，職務同名是否共用演員由副導確認
鏗鏘助理,C35,9,09;26;32,E09-S04;E09-S07;E26-S12;E26-S23;E32-S04;E32-S10;E32-S13;E32-S14;E32-S21,角色臺詞稱謂；未編號小角色須另報具詞演員，職務同名是否共用演員由副導確認
鐘文吉,C14,26,13;25;27;28;30;34,E13-S03;E13-S07;E13-S15;E13-S17;E25-S01;E25-S03;E25-S04;E25-S06;E25-S07;E25-S08;E25-S10;E25-S11;E25-S13;E25-S14;E25-S20;E27-S17;E27-S19;E28-S01;E28-S06;E28-S07;E28-S18;E28-S19;E28-S20;E28-S21;E30-S21;E34-S10,角色臺詞稱謂；未編號小角色須另報具詞演員，職務同名是否共用演員由副導確認
開票主持,,1,39,E39-S18,角色臺詞稱謂；未編號小角色須另報具詞演員，職務同名是否共用演員由副導確認
阿凱,C53,18,01;04;06;08,E01-S03;E01-S05;E01-S08;E04-S03;E04-S06;E04-S07;E04-S09;E04-S12;E04-S15;E04-S17;E04-S21;E06-S09;E06-S13;E06-S14;E06-S23;E08-S04;E08-S09;E08-S14,角色臺詞稱謂；未編號小角色須另報具詞演員，職務同名是否共用演員由副導確認
阿嬤之子,C33,1,20,E20-S21,角色臺詞稱謂；未編號小角色須另報具詞演員，職務同名是否共用演員由副導確認
阿鐘,C14,1,24,E24-S17,角色臺詞稱謂；未編號小角色須另報具詞演員，職務同名是否共用演員由副導確認
附近鄰居,,1,02,E02-S14,角色臺詞稱謂；未編號小角色須另報具詞演員，職務同名是否共用演員由副導確認
陳柏諺,C05,100,01;02;05;06;10;13;15;16;17;18;19;22;23;24;26;27;29;30;33;36;37;38;39;40,E01-S19;E02-S05;E02-S11;E02-S12;E02-S13;E02-S15;E05-S01;E05-S02;E05-S05;E05-S09;E05-S15;E05-S16;E05-S17;E05-S18;E05-S19;E05-S21;E06-S21;E06-S22;E10-S03;E10-S07;E10-S08;E13-S09;E13-S21;E13-S24;E15-S23;E15-S24;E16-S01;E16-S02;E16-S05;E16-S06;E16-S07;E16-S08;E16-S11;E16-S12;E16-S13;E16-S14;E16-S22;E16-S23;E17-S01;E17-S02;E17-S05;E18-S15;E18-S22;E19-S15;E22-S10;E22-S17;E23-S07;E23-S09;E23-S12;E23-S16;E23-S23;E23-S24;E24-S01;E24-S02;E24-S03;E24-S04;E24-S06;E24-S07;E24-S08;E24-S11;E24-S16;E24-S18;E24-S19;E24-S20;E24-S21;E24-S24;E26-S06;E26-S15;E27-S11;E27-S15;E27-S18;E27-S23;E29-S04;E29-S10;E29-S11;E29-S12;E29-S13;E29-S20;E29-S23;E30-S04;E30-S05;E30-S07;E30-S10;E30-S18;E30-S19;E33-S04;E33-S23;E36-S10;E36-S15;E37-S05;E38-S10;E38-S22;E39-S04;E39-S16;E39-S24;E39-S25;E40-S06;E40-S09;E40-S25;E40-S26,角色臺詞稱謂；未編號小角色須另報具詞演員，職務同名是否共用演員由副導確認
陳秀鸝,C04,78,02;03;05;06;07;11;16;17;18;21;22;23;24;29;30;31;38;39;40,E02-S01;E02-S05;E02-S09;E02-S10;E02-S11;E02-S12;E02-S13;E02-S15;E03-S22;E05-S02;E05-S10;E05-S11;E05-S12;E05-S13;E05-S17;E05-S22;E06-S21;E06-S22;E06-S24;E07-S17;E11-S05;E11-S11;E16-S05;E16-S13;E16-S22;E17-S07;E17-S08;E17-S09;E18-S01;E18-S03;E21-S20;E22-S10;E22-S16;E22-S17;E22-S18;E22-S19;E22-S21;E22-S23;E22-S24;E23-S07;E23-S08;E23-S16;E24-S03;E24-S04;E24-S07;E24-S09;E24-S13;E24-S22;E29-S03;E29-S15;E29-S17;E29-S22;E29-S26;E30-S03;E30-S12;E30-S13;E30-S14;E30-S15;E30-S16;E30-S25;E31-S18;E31-S22;E31-S24;E38-S10;E38-S11;E38-S12;E38-S13;E38-S22;E39-S03;E39-S17;E39-S21;E39-S22;E40-S03;E40-S18;E40-S19;E40-S20;E40-S21;E40-S22,角色臺詞稱謂；未編號小角色須另報具詞演員，職務同名是否共用演員由副導確認
青草茶攤販,,3,06,E06-S04;E06-S06;E06-S07,角色臺詞稱謂；未編號小角色須另報具詞演員，職務同名是否共用演員由副導確認
顏水木,C11,15,13;15;22;25;27;29;30,E13-S15;E15-S18;E22-S20;E25-S12;E25-S13;E25-S15;E25-S16;E25-S17;E25-S18;E25-S19;E25-S20;E27-S17;E29-S23;E30-S08;E30-S22,角色臺詞稱謂；未編號小角色須另報具詞演員，職務同名是否共用演員由副導確認
顏水木外甥,C25,11,27;28;29;30;31;34,E27-S15;E27-S17;E28-S22;E29-S11;E29-S23;E30-S04;E30-S08;E30-S18;E31-S05;E31-S15;E34-S14,角色臺詞稱謂；未編號小角色須另報具詞演員，職務同名是否共用演員由副導確認
食客乙,,1,32,E32-S15,角色臺詞稱謂；未編號小角色須另報具詞演員，職務同名是否共用演員由副導確認
食客甲,,1,32,E32-S15,角色臺詞稱謂；未編號小角色須另報具詞演員，職務同名是否共用演員由副導確認
魚販,,1,15,E15-S15,角色臺詞稱謂；未編號小角色須另報具詞演員，職務同名是否共用演員由副導確認
黃添財,C09,16,04;08;10;18;32,E04-S10;E08-S10;E08-S11;E08-S12;E08-S17;E08-S18;E08-S19;E08-S20;E10-S01;E10-S16;E10-S17;E10-S19;E10-S21;E18-S12;E32-S13;E32-S14,角色臺詞稱謂；未編號小角色須另報具詞演員，職務同名是否共用演員由副導確認
點名者,,1,20,E20-S22,角色臺詞稱謂；未編號小角色須另報具詞演員，職務同名是否共用演員由副導確認
