episode,scene_id,planned_seconds,read_seconds,staged_action_seconds,measured_total_seconds,reader_version,notes
1,E01-S01,15,,,,,
1,E01-S02,130,,,,,
1,E01-S03,165,,,,,
1,E01-S04,175,,,,,
1,E01-S05,155,,,,,
1,E01-S06,180,,,,,
1,E01-S07,185,,,,,
1,E01-S08,140,,,,,
1,E01-S09,140,,,,,
1,E01-S10,145,,,,,
1,E01-S11,230,,,,,
1,E01-S12,190,,,,,
1,E01-S13,200,,,,,
1,E01-S14,140,,,,,
1,E01-S15,110,,,,,
1,E01-S16,165,,,,,
1,E01-S17,225,,,,,
1,E01-S18,170,,,,,
1,E01-S19,165,,,,,
1,E01-S20,150,,,,,
1,E01-S21,140,,,,,
1,E01-S22,120,,,,,
1,E01-S23,130,,,,,
2,E02-S01,120,,,,,
2,E02-S02,150,,,,,
2,E02-S03,150,,,,,
2,E02-S04,150,,,,,
2,E02-S05,150,,,,,
2,E02-S06,150,,,,,
2,E02-S07,150,,,,,
2,E02-S08,150,,,,,
2,E02-S09,150,,,,,
2,E02-S10,150,,,,,
2,E02-S11,150,,,,,
2,E02-S12,150,,,,,
2,E02-S13,160,,,,,
2,E02-S14,140,,,,,
2,E02-S15,140,,,,,
2,E02-S16,140,,,,,
2,E02-S17,140,,,,,
2,E02-S18,140,,,,,
2,E02-S19,170,,,,,
2,E02-S20,180,,,,,
2,E02-S21,180,,,,,
2,E02-S22,305,,,,,
3,E03-S01,120,,,,,
3,E03-S02,150,,,,,
3,E03-S03,150,,,,,
3,E03-S04,150,,,,,
3,E03-S05,150,,,,,
3,E03-S06,150,,,,,
3,E03-S07,165,,,,,
3,E03-S08,150,,,,,
3,E03-S09,150,,,,,
3,E03-S10,150,,,,,
3,E03-S11,150,,,,,
3,E03-S12,150,,,,,
3,E03-S13,165,,,,,
3,E03-S14,150,,,,,
3,E03-S15,140,,,,,
3,E03-S16,140,,,,,
3,E03-S17,150,,,,,
3,E03-S18,150,,,,,
3,E03-S19,180,,,,,
3,E03-S20,140,,,,,
3,E03-S21,145,,,,,
3,E03-S22,100,,,,,
4,E04-S01,120,,,,,
4,E04-S02,150,,,,,
4,E04-S03,150,,,,,
4,E04-S04,150,,,,,
4,E04-S05,150,,,,,
4,E04-S06,150,,,,,
4,E04-S07,170,,,,,
4,E04-S08,150,,,,,
4,E04-S09,150,,,,,
4,E04-S10,150,,,,,
4,E04-S11,150,,,,,
4,E04-S12,150,,,,,
4,E04-S13,180,,,,,
4,E04-S14,150,,,,,
4,E04-S15,150,,,,,
4,E04-S16,150,,,,,
4,E04-S17,150,,,,,
4,E04-S18,150,,,,,
4,E04-S19,135,,,,,
4,E04-S20,80,,,,,
4,E04-S21,170,,,,,
4,E04-S22,180,,,,,
5,E05-S01,130,,,,,
5,E05-S02,140,,,,,
5,E05-S03,150,,,,,
5,E05-S04,145,,,,,
5,E05-S05,140,,,,,
5,E05-S06,145,,,,,
5,E05-S07,160,,,,,
5,E05-S08,135,,,,,
5,E05-S09,150,,,,,
5,E05-S10,140,,,,,
5,E05-S11,150,,,,,
5,E05-S12,145,,,,,
5,E05-S13,165,,,,,
5,E05-S14,135,,,,,
5,E05-S15,140,,,,,
5,E05-S16,150,,,,,
5,E05-S17,140,,,,,
5,E05-S18,150,,,,,
5,E05-S19,235,,,,,
5,E05-S20,155,,,,,
5,E05-S21,140,,,,,
5,E05-S22,125,,,,,
5,E05-S23,110,,,,,
5,E05-S24,90,,,,,
6,E06-S01,130,,,,,
6,E06-S02,140,,,,,
6,E06-S03,150,,,,,
6,E06-S04,145,,,,,
6,E06-S05,140,,,,,
6,E06-S06,145,,,,,
6,E06-S07,160,,,,,
6,E06-S08,135,,,,,
6,E06-S09,150,,,,,
6,E06-S10,140,,,,,
6,E06-S11,150,,,,,
6,E06-S12,145,,,,,
6,E06-S13,165,,,,,
6,E06-S14,135,,,,,
6,E06-S15,140,,,,,
6,E06-S16,150,,,,,
6,E06-S17,140,,,,,
6,E06-S18,150,,,,,
6,E06-S19,180,,,,,
6,E06-S20,155,,,,,
6,E06-S21,140,,,,,
6,E06-S22,125,,,,,
6,E06-S23,110,,,,,
6,E06-S24,145,,,,,
7,E07-S01,130,,,,,
7,E07-S02,140,,,,,
7,E07-S03,150,,,,,
7,E07-S04,145,,,,,
7,E07-S05,140,,,,,
7,E07-S06,145,,,,,
7,E07-S07,160,,,,,
7,E07-S08,135,,,,,
7,E07-S09,150,,,,,
7,E07-S10,140,,,,,
7,E07-S11,150,,,,,
7,E07-S12,170,,,,,
7,E07-S13,190,,,,,
7,E07-S14,160,,,,,
7,E07-S15,140,,,,,
7,E07-S16,150,,,,,
7,E07-S17,40,,,,,
7,E07-S18,150,,,,,
7,E07-S19,205,,,,,
7,E07-S20,155,,,,,
7,E07-S21,140,,,,,
7,E07-S22,125,,,,,
7,E07-S23,110,,,,,
7,E07-S24,145,,,,,
8,E08-S01,130,,,,,
8,E08-S02,140,,,,,
8,E08-S03,150,,,,,
8,E08-S04,145,,,,,
8,E08-S05,140,,,,,
8,E08-S06,145,,,,,
8,E08-S07,160,,,,,
8,E08-S08,135,,,,,
8,E08-S09,150,,,,,
8,E08-S10,140,,,,,
8,E08-S11,150,,,,,
8,E08-S12,145,,,,,
8,E08-S13,165,,,,,
8,E08-S14,135,,,,,
8,E08-S15,140,,,,,
8,E08-S16,150,,,,,
8,E08-S17,165,,,,,
8,E08-S18,175,,,,,
8,E08-S19,205,,,,,
8,E08-S20,155,,,,,
8,E08-S21,140,,,,,
8,E08-S22,125,,,,,
8,E08-S23,110,,,,,
8,E08-S24,70,,,,,
9,E09-S01,130,,,,,
9,E09-S02,140,,,,,
9,E09-S03,150,,,,,
9,E09-S04,145,,,,,
9,E09-S05,140,,,,,
9,E09-S06,145,,,,,
9,E09-S07,160,,,,,
9,E09-S08,135,,,,,
9,E09-S09,150,,,,,
9,E09-S10,140,,,,,
9,E09-S11,150,,,,,
9,E09-S12,145,,,,,
9,E09-S13,165,,,,,
9,E09-S14,135,,,,,
9,E09-S15,140,,,,,
9,E09-S16,150,,,,,
9,E09-S17,140,,,,,
9,E09-S18,150,,,,,
9,E09-S19,180,,,,,
9,E09-S20,155,,,,,
9,E09-S21,140,,,,,
9,E09-S22,125,,,,,
9,E09-S23,110,,,,,
9,E09-S24,145,,,,,
10,E10-S01,130,,,,,
10,E10-S02,140,,,,,
10,E10-S03,150,,,,,
10,E10-S04,145,,,,,
10,E10-S05,140,,,,,
10,E10-S06,145,,,,,
10,E10-S07,160,,,,,
10,E10-S08,135,,,,,
10,E10-S09,150,,,,,
10,E10-S10,140,,,,,
10,E10-S11,150,,,,,
10,E10-S12,145,,,,,
10,E10-S13,165,,,,,
10,E10-S14,135,,,,,
10,E10-S15,140,,,,,
10,E10-S16,150,,,,,
10,E10-S17,140,,,,,
10,E10-S18,150,,,,,
10,E10-S19,180,,,,,
10,E10-S20,155,,,,,
10,E10-S21,140,,,,,
10,E10-S22,125,,,,,
10,E10-S23,110,,,,,
10,E10-S24,145,,,,,
11,E11-S01,20,,,,,
11,E11-S02,200,,,,,
11,E11-S03,200,,,,,
11,E11-S04,145,,,,,
11,E11-S05,140,,,,,
11,E11-S06,145,,,,,
11,E11-S07,160,,,,,
11,E11-S08,135,,,,,
11,E11-S09,150,,,,,
11,E11-S10,140,,,,,
11,E11-S11,150,,,,,
11,E11-S12,145,,,,,
11,E11-S13,165,,,,,
11,E11-S14,135,,,,,
11,E11-S15,140,,,,,
11,E11-S16,150,,,,,
11,E11-S17,140,,,,,
11,E11-S18,150,,,,,
11,E11-S19,180,,,,,
11,E11-S20,155,,,,,
11,E11-S21,140,,,,,
11,E11-S22,125,,,,,
11,E11-S23,110,,,,,
11,E11-S24,145,,,,,
12,E12-S01,130,,,,,
12,E12-S02,140,,,,,
12,E12-S03,150,,,,,
12,E12-S04,145,,,,,
12,E12-S05,140,,,,,
12,E12-S06,145,,,,,
12,E12-S07,160,,,,,
12,E12-S08,135,,,,,
12,E12-S09,150,,,,,
12,E12-S10,140,,,,,
12,E12-S11,150,,,,,
12,E12-S12,145,,,,,
12,E12-S13,165,,,,,
12,E12-S14,135,,,,,
12,E12-S15,140,,,,,
12,E12-S16,150,,,,,
12,E12-S17,140,,,,,
12,E12-S18,150,,,,,
12,E12-S19,180,,,,,
12,E12-S20,155,,,,,
12,E12-S21,140,,,,,
12,E12-S22,125,,,,,
12,E12-S23,110,,,,,
12,E12-S24,145,,,,,
13,E13-S01,144,,,,,
13,E13-S02,144,,,,,
13,E13-S03,144,,,,,
13,E13-S04,144,,,,,
13,E13-S05,144,,,,,
13,E13-S06,144,,,,,
13,E13-S07,144,,,,,
13,E13-S08,144,,,,,
13,E13-S09,144,,,,,
13,E13-S10,144,,,,,
13,E13-S11,144,,,,,
13,E13-S12,144,,,,,
13,E13-S13,144,,,,,
13,E13-S14,144,,,,,
13,E13-S15,144,,,,,
13,E13-S16,144,,,,,
13,E13-S17,144,,,,,
13,E13-S18,144,,,,,
13,E13-S19,144,,,,,
13,E13-S20,80,,,,,
13,E13-S21,144,,,,,
13,E13-S22,210,,,,,
13,E13-S23,142,,,,,
13,E13-S24,144,,,,,
14,E14-S01,144,,,,,
14,E14-S02,144,,,,,
14,E14-S03,144,,,,,
14,E14-S04,144,,,,,
14,E14-S05,144,,,,,
14,E14-S06,144,,,,,
14,E14-S07,144,,,,,
14,E14-S08,144,,,,,
14,E14-S09,144,,,,,
14,E14-S10,144,,,,,
14,E14-S11,144,,,,,
14,E14-S12,144,,,,,
14,E14-S13,144,,,,,
14,E14-S14,144,,,,,
14,E14-S15,144,,,,,
14,E14-S16,144,,,,,
14,E14-S17,144,,,,,
14,E14-S18,144,,,,,
14,E14-S19,144,,,,,
14,E14-S20,144,,,,,
14,E14-S21,144,,,,,
14,E14-S22,144,,,,,
14,E14-S23,144,,,,,
14,E14-S24,144,,,,,
15,E15-S01,110,,,,,
15,E15-S02,147,,,,,
15,E15-S03,147,,,,,
15,E15-S04,147,,,,,
15,E15-S05,147,,,,,
15,E15-S06,147,,,,,
15,E15-S07,147,,,,,
15,E15-S08,147,,,,,
15,E15-S09,147,,,,,
15,E15-S10,147,,,,,
15,E15-S11,147,,,,,
15,E15-S12,147,,,,,
15,E15-S13,147,,,,,
15,E15-S14,147,,,,,
15,E15-S15,147,,,,,
15,E15-S16,147,,,,,
15,E15-S17,147,,,,,
15,E15-S18,147,,,,,
15,E15-S19,110,,,,,
15,E15-S20,147,,,,,
15,E15-S21,147,,,,,
15,E15-S22,147,,,,,
15,E15-S23,147,,,,,
15,E15-S24,147,,,,,
16,E16-S01,144,,,,,
16,E16-S02,144,,,,,
16,E16-S03,144,,,,,
16,E16-S04,144,,,,,
16,E16-S05,144,,,,,
16,E16-S06,144,,,,,
16,E16-S07,144,,,,,
16,E16-S08,144,,,,,
16,E16-S09,144,,,,,
16,E16-S10,144,,,,,
16,E16-S11,144,,,,,
16,E16-S12,144,,,,,
16,E16-S13,144,,,,,
16,E16-S14,144,,,,,
16,E16-S15,144,,,,,
16,E16-S16,144,,,,,
16,E16-S17,140,,,,,
16,E16-S18,130,,,,,
16,E16-S19,144,,,,,
16,E16-S20,206,,,,,
16,E16-S21,100,,,,,
16,E16-S22,144,,,,,
16,E16-S23,144,,,,,
16,E16-S24,144,,,,,
17,E17-S01,165,,,,,
17,E17-S02,140,,,,,
17,E17-S03,145,,,,,
17,E17-S04,150,,,,,
17,E17-S05,140,,,,,
17,E17-S06,155,,,,,
17,E17-S07,145,,,,,
17,E17-S08,140,,,,,
17,E17-S09,140,,,,,
17,E17-S10,145,,,,,
17,E17-S11,150,,,,,
17,E17-S12,150,,,,,
17,E17-S13,145,,,,,
17,E17-S14,150,,,,,
17,E17-S15,140,,,,,
17,E17-S16,145,,,,,
17,E17-S17,150,,,,,
17,E17-S18,145,,,,,
17,E17-S19,155,,,,,
17,E17-S20,130,,,,,
17,E17-S21,145,,,,,
17,E17-S22,140,,,,,
17,E17-S23,130,,,,,
17,E17-S24,115,,,,,
18,E18-S01,170,,,,,
18,E18-S02,145,,,,,
18,E18-S03,145,,,,,
18,E18-S04,150,,,,,
18,E18-S05,140,,,,,
18,E18-S06,155,,,,,
18,E18-S07,145,,,,,
18,E18-S08,140,,,,,
18,E18-S09,140,,,,,
18,E18-S10,145,,,,,
18,E18-S11,150,,,,,
18,E18-S12,150,,,,,
18,E18-S13,145,,,,,
18,E18-S14,150,,,,,
18,E18-S15,140,,,,,
18,E18-S16,145,,,,,
18,E18-S17,150,,,,,
18,E18-S18,145,,,,,
18,E18-S19,155,,,,,
18,E18-S20,130,,,,,
18,E18-S21,145,,,,,
18,E18-S22,140,,,,,
18,E18-S23,130,,,,,
18,E18-S24,115,,,,,
19,E19-S01,170,,,,,
19,E19-S02,145,,,,,
19,E19-S03,145,,,,,
19,E19-S04,150,,,,,
19,E19-S05,140,,,,,
19,E19-S06,155,,,,,
19,E19-S07,145,,,,,
19,E19-S08,140,,,,,
19,E19-S09,140,,,,,
19,E19-S10,145,,,,,
19,E19-S11,150,,,,,
19,E19-S12,150,,,,,
19,E19-S13,145,,,,,
19,E19-S14,140,,,,,
19,E19-S15,140,,,,,
19,E19-S16,145,,,,,
19,E19-S17,150,,,,,
19,E19-S18,145,,,,,
19,E19-S19,155,,,,,
19,E19-S20,130,,,,,
19,E19-S21,145,,,,,
19,E19-S22,140,,,,,
19,E19-S23,130,,,,,
19,E19-S24,115,,,,,
20,E20-S01,155,,,,,
20,E20-S02,135,,,,,
20,E20-S03,150,,,,,
20,E20-S04,200,,,,,
20,E20-S05,140,,,,,
20,E20-S06,100,,,,,
20,E20-S07,115,,,,,
20,E20-S08,235,,,,,
20,E20-S09,150,,,,,
20,E20-S10,130,,,,,
20,E20-S11,135,,,,,
20,E20-S12,150,,,,,
20,E20-S13,195,,,,,
20,E20-S14,160,,,,,
20,E20-S15,150,,,,,
20,E20-S16,170,,,,,
20,E20-S17,185,,,,,
20,E20-S18,185,,,,,
20,E20-S19,195,,,,,
20,E20-S20,45,,,,,
20,E20-S21,35,,,,,
20,E20-S22,40,,,,,
20,E20-S23,195,,,,,
20,E20-S24,115,,,,,
21,E21-S01,20,,,,,
21,E21-S02,170,,,,,
21,E21-S03,180,,,,,
21,E21-S04,180,,,,,
21,E21-S05,180,,,,,
21,E21-S06,170,,,,,
21,E21-S07,180,,,,,
21,E21-S08,180,,,,,
21,E21-S09,180,,,,,
21,E21-S10,180,,,,,
21,E21-S11,180,,,,,
21,E21-S12,160,,,,,
21,E21-S13,160,,,,,
21,E21-S14,160,,,,,
21,E21-S15,160,,,,,
21,E21-S16,160,,,,,
21,E21-S17,100,,,,,
21,E21-S18,190,,,,,
21,E21-S19,120,,,,,
21,E21-S20,100,,,,,
21,E21-S21,90,,,,,
21,E21-S22,90,,,,,
21,E21-S23,90,,,,,
21,E21-S24,85,,,,,
22,E22-S01,150,,,,,
22,E22-S02,150,,,,,
22,E22-S03,150,,,,,
22,E22-S04,150,,,,,
22,E22-S05,150,,,,,
22,E22-S06,150,,,,,
22,E22-S07,180,,,,,
22,E22-S08,180,,,,,
22,E22-S09,180,,,,,
22,E22-S10,180,,,,,
22,E22-S11,180,,,,,
22,E22-S12,180,,,,,
22,E22-S13,180,,,,,
22,E22-S14,180,,,,,
22,E22-S15,180,,,,,
22,E22-S16,180,,,,,
22,E22-S17,190,,,,,
22,E22-S18,110,,,,,
22,E22-S19,90,,,,,
22,E22-S20,10,,,,,
22,E22-S21,120,,,,,
22,E22-S22,110,,,,,
22,E22-S23,70,,,,,
22,E22-S24,65,,,,,
23,E23-S01,150,,,,,
23,E23-S02,150,,,,,
23,E23-S03,150,,,,,
23,E23-S04,150,,,,,
23,E23-S05,150,,,,,
23,E23-S06,150,,,,,
23,E23-S07,180,,,,,
23,E23-S08,180,,,,,
23,E23-S09,180,,,,,
23,E23-S10,180,,,,,
23,E23-S11,180,,,,,
23,E23-S12,160,,,,,
23,E23-S13,160,,,,,
23,E23-S14,160,,,,,
23,E23-S15,160,,,,,
23,E23-S16,160,,,,,
23,E23-S17,100,,,,,
23,E23-S18,190,,,,,
23,E23-S19,120,,,,,
23,E23-S20,100,,,,,
23,E23-S21,90,,,,,
23,E23-S22,90,,,,,
23,E23-S23,90,,,,,
23,E23-S24,85,,,,,
24,E24-S01,150,,,,,
24,E24-S02,150,,,,,
24,E24-S03,150,,,,,
24,E24-S04,150,,,,,
24,E24-S05,150,,,,,
24,E24-S06,150,,,,,
24,E24-S07,180,,,,,
24,E24-S08,180,,,,,
24,E24-S09,180,,,,,
24,E24-S10,180,,,,,
24,E24-S11,180,,,,,
24,E24-S12,180,,,,,
24,E24-S13,180,,,,,
24,E24-S14,180,,,,,
24,E24-S15,180,,,,,
24,E24-S16,180,,,,,
24,E24-S17,90,,,,,
24,E24-S18,95,,,,,
24,E24-S19,95,,,,,
24,E24-S20,95,,,,,
24,E24-S21,110,,,,,
24,E24-S22,90,,,,,
24,E24-S23,30,,,,,
24,E24-S24,160,,,,,
25,E25-S01,135,,,,,
25,E25-S02,160,,,,,
25,E25-S03,160,,,,,
25,E25-S04,160,,,,,
25,E25-S05,155,,,,,
25,E25-S06,145,,,,,
25,E25-S07,180,,,,,
25,E25-S08,130,,,,,
25,E25-S09,165,,,,,
25,E25-S10,160,,,,,
25,E25-S11,130,,,,,
25,E25-S12,140,,,,,
25,E25-S13,180,,,,,
25,E25-S14,150,,,,,
25,E25-S15,145,,,,,
25,E25-S16,145,,,,,
25,E25-S17,140,,,,,
25,E25-S18,145,,,,,
25,E25-S19,160,,,,,
25,E25-S20,115,,,,,
25,E25-S21,145,,,,,
25,E25-S22,140,,,,,
25,E25-S23,120,,,,,
25,E25-S24,60,,,,,
26,E26-S01,120,,,,,
26,E26-S02,145,,,,,
26,E26-S03,145,,,,,
26,E26-S04,175,,,,,
26,E26-S05,140,,,,,
26,E26-S06,145,,,,,
26,E26-S07,180,,,,,
26,E26-S08,130,,,,,
26,E26-S09,145,,,,,
26,E26-S10,140,,,,,
26,E26-S11,130,,,,,
26,E26-S12,140,,,,,
26,E26-S13,180,,,,,
26,E26-S14,140,,,,,
26,E26-S15,145,,,,,
26,E26-S16,145,,,,,
26,E26-S17,140,,,,,
26,E26-S18,145,,,,,
26,E26-S19,220,,,,,
26,E26-S20,170,,,,,
26,E26-S21,145,,,,,
26,E26-S22,140,,,,,
26,E26-S23,100,,,,,
26,E26-S24,60,,,,,
27,E27-S01,120,,,,,
27,E27-S02,145,,,,,
27,E27-S03,145,,,,,
27,E27-S04,145,,,,,
27,E27-S05,140,,,,,
27,E27-S06,145,,,,,
27,E27-S07,180,,,,,
27,E27-S08,130,,,,,
27,E27-S09,145,,,,,
27,E27-S10,140,,,,,
27,E27-S11,130,,,,,
27,E27-S12,140,,,,,
27,E27-S13,180,,,,,
27,E27-S14,140,,,,,
27,E27-S15,145,,,,,
27,E27-S16,145,,,,,
27,E27-S17,140,,,,,
27,E27-S18,145,,,,,
27,E27-S19,220,,,,,
27,E27-S20,170,,,,,
27,E27-S21,145,,,,,
27,E27-S22,140,,,,,
27,E27-S23,100,,,,,
27,E27-S24,90,,,,,
28,E28-S01,120,,,,,
28,E28-S02,145,,,,,
28,E28-S03,145,,,,,
28,E28-S04,145,,,,,
28,E28-S05,140,,,,,
28,E28-S06,145,,,,,
28,E28-S07,180,,,,,
28,E28-S08,130,,,,,
28,E28-S09,145,,,,,
28,E28-S10,140,,,,,
28,E28-S11,130,,,,,
28,E28-S12,140,,,,,
28,E28-S13,180,,,,,
28,E28-S14,140,,,,,
28,E28-S15,145,,,,,
28,E28-S16,145,,,,,
28,E28-S17,140,,,,,
28,E28-S18,145,,,,,
28,E28-S19,220,,,,,
28,E28-S20,170,,,,,
28,E28-S21,145,,,,,
28,E28-S22,140,,,,,
28,E28-S23,100,,,,,
28,E28-S24,90,,,,,
29,E29-S01,144,,,,,
29,E29-S02,144,,,,,
29,E29-S03,144,,,,,
29,E29-S04,144,,,,,
29,E29-S05,144,,,,,
29,E29-S06,144,,,,,
29,E29-S07,144,,,,,
29,E29-S08,144,,,,,
29,E29-S09,144,,,,,
29,E29-S10,144,,,,,
29,E29-S11,144,,,,,
29,E29-S12,144,,,,,
29,E29-S13,144,,,,,
29,E29-S14,144,,,,,
29,E29-S15,144,,,,,
29,E29-S16,144,,,,,
29,E29-S17,144,,,,,
29,E29-S18,144,,,,,
29,E29-S19,144,,,,,
29,E29-S20,144,,,,,
29,E29-S21,144,,,,,
29,E29-S22,144,,,,,
29,E29-S23,144,,,,,
29,E29-S24,48,,,,,
29,E29-S25,48,,,,,
29,E29-S26,48,,,,,
30,E30-S01,135,,,,,
30,E30-S02,135,,,,,
30,E30-S03,135,,,,,
30,E30-S04,135,,,,,
30,E30-S05,135,,,,,
30,E30-S06,135,,,,,
30,E30-S07,135,,,,,
30,E30-S08,135,,,,,
30,E30-S09,135,,,,,
30,E30-S10,135,,,,,
30,E30-S11,135,,,,,
30,E30-S12,135,,,,,
30,E30-S13,135,,,,,
30,E30-S14,135,,,,,
30,E30-S15,135,,,,,
30,E30-S16,135,,,,,
30,E30-S17,135,,,,,
30,E30-S18,135,,,,,
30,E30-S19,135,,,,,
30,E30-S20,135,,,,,
30,E30-S21,160,,,,,
30,E30-S22,100,,,,,
30,E30-S23,100,,,,,
30,E30-S24,90,,,,,
30,E30-S25,100,,,,,
30,E30-S26,100,,,,,
30,E30-S27,110,,,,,
30,E30-S28,100,,,,,
31,E31-S01,123,,,,,
31,E31-S02,123,,,,,
31,E31-S03,123,,,,,
31,E31-S04,123,,,,,
31,E31-S05,123,,,,,
31,E31-S06,123,,,,,
31,E31-S07,123,,,,,
31,E31-S08,123,,,,,
31,E31-S09,123,,,,,
31,E31-S10,123,,,,,
31,E31-S11,123,,,,,
31,E31-S12,123,,,,,
31,E31-S13,123,,,,,
31,E31-S14,123,,,,,
31,E31-S15,123,,,,,
31,E31-S16,123,,,,,
31,E31-S17,123,,,,,
31,E31-S18,123,,,,,
31,E31-S19,123,,,,,
31,E31-S20,123,,,,,
31,E31-S21,123,,,,,
31,E31-S22,123,,,,,
31,E31-S23,123,,,,,
31,E31-S24,123,,,,,
31,E31-S25,123,,,,,
31,E31-S26,123,,,,,
31,E31-S27,123,,,,,
31,E31-S28,123,,,,,
32,E32-S01,144,,,,,
32,E32-S02,144,,,,,
32,E32-S03,144,,,,,
32,E32-S04,144,,,,,
32,E32-S05,144,,,,,
32,E32-S06,144,,,,,
32,E32-S07,144,,,,,
32,E32-S08,144,,,,,
32,E32-S09,144,,,,,
32,E32-S10,144,,,,,
32,E32-S11,144,,,,,
32,E32-S12,144,,,,,
32,E32-S13,144,,,,,
32,E32-S14,144,,,,,
32,E32-S15,144,,,,,
32,E32-S16,144,,,,,
32,E32-S17,144,,,,,
32,E32-S18,144,,,,,
32,E32-S19,144,,,,,
32,E32-S20,144,,,,,
32,E32-S21,144,,,,,
32,E32-S22,144,,,,,
32,E32-S23,144,,,,,
32,E32-S24,144,,,,,
33,E33-S01,150,,,,,
33,E33-S02,140,,,,,
33,E33-S03,145,,,,,
33,E33-S04,150,,,,,
33,E33-S05,140,,,,,
33,E33-S06,155,,,,,
33,E33-S07,145,,,,,
33,E33-S08,140,,,,,
33,E33-S09,140,,,,,
33,E33-S10,145,,,,,
33,E33-S11,150,,,,,
33,E33-S12,150,,,,,
33,E33-S13,145,,,,,
33,E33-S14,150,,,,,
33,E33-S15,140,,,,,
33,E33-S16,145,,,,,
33,E33-S17,150,,,,,
33,E33-S18,145,,,,,
33,E33-S19,155,,,,,
33,E33-S20,130,,,,,
33,E33-S21,145,,,,,
33,E33-S22,140,,,,,
33,E33-S23,130,,,,,
33,E33-S24,115,,,,,
34,E34-S01,160,,,,,
34,E34-S02,145,,,,,
34,E34-S03,140,,,,,
34,E34-S04,150,,,,,
34,E34-S05,140,,,,,
34,E34-S06,155,,,,,
34,E34-S07,145,,,,,
34,E34-S08,140,,,,,
34,E34-S09,140,,,,,
34,E34-S10,110,,,,,
34,E34-S11,150,,,,,
34,E34-S12,150,,,,,
34,E34-S13,180,,,,,
34,E34-S14,145,,,,,
34,E34-S15,140,,,,,
34,E34-S16,145,,,,,
34,E34-S17,150,,,,,
34,E34-S18,145,,,,,
34,E34-S19,155,,,,,
34,E34-S20,145,,,,,
34,E34-S21,145,,,,,
34,E34-S22,130,,,,,
34,E34-S23,155,,,,,
34,E34-S24,115,,,,,
35,E35-S01,75,,,,,
35,E35-S02,150,,,,,
35,E35-S03,150,,,,,
35,E35-S04,155,,,,,
35,E35-S05,150,,,,,
35,E35-S06,150,,,,,
35,E35-S07,155,,,,,
35,E35-S08,150,,,,,
35,E35-S09,140,,,,,
35,E35-S10,145,,,,,
35,E35-S11,10,,,,,
35,E35-S12,155,,,,,
35,E35-S13,165,,,,,
35,E35-S14,150,,,,,
35,E35-S15,155,,,,,
35,E35-S16,150,,,,,
35,E35-S17,145,,,,,
35,E35-S18,150,,,,,
35,E35-S19,280,,,,,
35,E35-S20,160,,,,,
35,E35-S21,140,,,,,
35,E35-S22,130,,,,,
35,E35-S23,130,,,,,
35,E35-S24,115,,,,,
36,E36-S01,170,,,,,
36,E36-S02,145,,,,,
36,E36-S03,145,,,,,
36,E36-S04,150,,,,,
36,E36-S05,140,,,,,
36,E36-S06,155,,,,,
36,E36-S07,145,,,,,
36,E36-S08,140,,,,,
36,E36-S09,140,,,,,
36,E36-S10,145,,,,,
36,E36-S11,150,,,,,
36,E36-S12,150,,,,,
36,E36-S13,145,,,,,
36,E36-S14,150,,,,,
36,E36-S15,140,,,,,
36,E36-S16,145,,,,,
36,E36-S17,150,,,,,
36,E36-S18,145,,,,,
36,E36-S19,155,,,,,
36,E36-S20,145,,,,,
36,E36-S21,140,,,,,
36,E36-S22,140,,,,,
36,E36-S23,130,,,,,
36,E36-S24,115,,,,,
37,E37-S01,150,,,,,
37,E37-S02,150,,,,,
37,E37-S03,150,,,,,
37,E37-S04,150,,,,,
37,E37-S05,150,,,,,
37,E37-S06,150,,,,,
37,E37-S07,180,,,,,
37,E37-S08,180,,,,,
37,E37-S09,180,,,,,
37,E37-S10,180,,,,,
37,E37-S11,180,,,,,
37,E37-S12,160,,,,,
37,E37-S13,160,,,,,
37,E37-S14,160,,,,,
37,E37-S15,160,,,,,
37,E37-S16,160,,,,,
37,E37-S17,100,,,,,
37,E37-S18,190,,,,,
37,E37-S19,120,,,,,
37,E37-S20,100,,,,,
37,E37-S21,90,,,,,
37,E37-S22,90,,,,,
37,E37-S23,90,,,,,
37,E37-S24,85,,,,,
38,E38-S01,150,,,,,
38,E38-S02,150,,,,,
38,E38-S03,150,,,,,
38,E38-S04,150,,,,,
38,E38-S05,150,,,,,
38,E38-S06,150,,,,,
38,E38-S07,180,,,,,
38,E38-S08,180,,,,,
38,E38-S09,180,,,,,
38,E38-S10,180,,,,,
38,E38-S11,180,,,,,
38,E38-S12,160,,,,,
38,E38-S13,160,,,,,
38,E38-S14,160,,,,,
38,E38-S15,160,,,,,
38,E38-S16,160,,,,,
38,E38-S17,100,,,,,
38,E38-S18,190,,,,,
38,E38-S19,120,,,,,
38,E38-S20,100,,,,,
38,E38-S21,90,,,,,
38,E38-S22,90,,,,,
38,E38-S23,90,,,,,
38,E38-S24,85,,,,,
39,E39-S01,170,,,,,
39,E39-S02,170,,,,,
39,E39-S03,150,,,,,
39,E39-S04,150,,,,,
39,E39-S05,150,,,,,
39,E39-S06,150,,,,,
39,E39-S07,190,,,,,
39,E39-S08,160,,,,,
39,E39-S09,190,,,,,
39,E39-S10,180,,,,,
39,E39-S11,180,,,,,
39,E39-S12,160,,,,,
39,E39-S13,160,,,,,
39,E39-S14,160,,,,,
39,E39-S15,160,,,,,
39,E39-S16,160,,,,,
39,E39-S17,100,,,,,
39,E39-S18,120,,,,,
39,E39-S19,100,,,,,
39,E39-S20,100,,,,,
39,E39-S21,85,,,,,
39,E39-S22,85,,,,,
39,E39-S23,100,,,,,
39,E39-S24,65,,,,,
39,E39-S25,70,,,,,
40,E40-S01,80,,,,,
40,E40-S02,160,,,,,
40,E40-S03,170,,,,,
40,E40-S04,160,,,,,
40,E40-S05,160,,,,,
40,E40-S06,120,,,,,
40,E40-S07,90,,,,,
40,E40-S08,210,,,,,
40,E40-S09,190,,,,,
40,E40-S10,10,,,,,
40,E40-S11,180,,,,,
40,E40-S12,170,,,,,
40,E40-S13,190,,,,,
40,E40-S14,150,,,,,
40,E40-S15,150,,,,,
40,E40-S16,110,,,,,
40,E40-S17,100,,,,,
40,E40-S18,100,,,,,
40,E40-S19,100,,,,,
40,E40-S20,140,,,,,
40,E40-S21,130,,,,,
40,E40-S22,110,,,,,
40,E40-S23,50,,,,,
40,E40-S24,90,,,,,
40,E40-S25,65,,,,,
40,E40-S26,90,,,,,
40,E40-S27,85,,,,,
40,E40-S28,45,,,,,
40,E40-S29,60,,,,,
