episode,title,scenes,night_scenes,dialogue_han,planned_body_seconds,opening_seconds,closing_seconds,preview_seconds,planned_program_seconds,measured_program_seconds,timing_status
1,溺死的人買了保單,23,4,5997,3565,45,60,30,3700,,unmeasured
2,十五年沒人重建的市場,22,6,5934,3465,45,60,30,3600,,unmeasured
3,十五年沒人來要的那一頁,22,6,5841,3245,45,60,30,3380,,unmeasured
4,兩張火險,22,5,5919,3285,45,60,30,3420,,unmeasured
5,車手的路線,24,15,5996,3465,45,60,30,3600,,unmeasured
6,誰買的保單,24,3,5988,3465,45,60,30,3600,,unmeasured
7,不追究,24,0,5989,3465,45,60,30,3600,,unmeasured
8,沒有東西可燒的地，保了十二億,24,3,6040,3465,45,60,30,3600,,unmeasured
9,第一個說是意外的人,24,5,6233,3465,45,60,30,3600,,unmeasured
10,頭期款,24,9,6487,3465,45,60,30,3600,,unmeasured
11,停職,24,8,6232,3465,45,60,30,3600,,unmeasured
12,第十一具,24,12,6196,3465,45,60,30,3600,,unmeasured
13,骨灰,24,9,6032,3456,45,60,30,3591,,unmeasured
14,底稿,24,14,6088,3456,45,60,30,3591,,unmeasured
15,你爸當年也來找過我,24,4,6097,3454,45,60,30,3589,,unmeasured
16,半路截,24,16,5542,3456,45,60,30,3591,,unmeasured
17,父親,24,3,6555,3455,45,60,30,3590,,unmeasured
18,被立可白蓋掉的船,24,3,6640,3465,45,60,30,3600,,unmeasured
19,保命符,24,4,6342,3455,45,60,30,3590,,unmeasured
20,船,24,4,5912,3465,45,60,30,3600,,unmeasured
21,那張紙是他的死亡證明,24,6,6151,3465,45,60,30,3600,,unmeasured
22,沒人報案的第十一個人,24,4,6018,3465,45,60,30,3600,,unmeasured
23,女兒,24,8,6060,3465,45,60,30,3600,,unmeasured
24,帳本,24,24,6020,3465,45,60,30,3600,,unmeasured
25,神明會,24,6,6008,3465,45,60,30,3600,,unmeasured
26,活著？,24,10,6025,3465,45,60,30,3600,,unmeasured
27,不想再被推出去的人,24,8,6149,3465,45,60,30,3600,,unmeasured
28,第十二份紙,24,12,6013,3465,45,60,30,3600,,unmeasured
29,前夜,26,4,6006,3456,45,60,30,3591,,unmeasured
30,遶境夜,28,27,6040,3560,45,60,30,3695,,unmeasured
31,頭條,28,4,6016,3444,45,60,30,3579,,unmeasured
32,四十六張照片,24,7,6152,3456,45,60,30,3591,,unmeasured
33,她算對了，所以他走了,24,5,6036,3440,45,60,30,3575,,unmeasured
34,原始報告,24,4,6032,3475,45,60,30,3610,,unmeasured
35,23:47 未接來電,24,2,6276,3455,45,60,30,3590,,unmeasured
36,聽證會,24,3,6179,3475,45,60,30,3610,,unmeasured
37,檢舉人,24,5,6033,3465,45,60,30,3600,,unmeasured
38,今天我把話拿回來,24,8,6022,3465,45,60,30,3600,,unmeasured
39,選舉夜,25,19,6020,3465,45,60,30,3600,,unmeasured
40,潮退,29,0,6020,3465,45,60,0,3570,,unmeasured
