no,chapter,est_start,type,content
01,開場：找到工作，才能驗收成果,00:00,字卡,主對話 → Activity → 工作 → 實際成果
02,準備三個場地，明確驗收條件,00:17,截圖,原創示範資料卡逐項出現：甲8人500元、乙12人900元、丙10人700元；框出十人、800元上限、無障礙需求。
03,準備三個場地，明確驗收條件,00:41,字卡,我們的活動是十人，場地費上限八百元，而且需要無障礙動線（作為當前實際截圖的重點疊字，不替換產品畫面）
04,準備三個場地，明確驗收條件,01:04,字卡,這次成果是繁中比較表，列符合條件、限制、待決問題與建議（作為當前實際截圖的重點疊字，不替換產品畫面）
05,建立可見工作，開啟Activity,01:28,截圖,真實dot請求截圖 → profile截圖 → Activity截圖 → 指定工作頁；按實際順序編號並放大標籤，不製造不存在的卡片。
06,建立可見工作，開啟Activity,01:51,字卡,dot 也可以用背景代理處理其他任務，但背景代理與一個獨立可見工作不是同一件事（作為當前實際截圖的重點疊字，不替換產品畫面）
07,建立可見工作，開啟Activity,02:17,字卡,工作中可能有進度、檔案、結果，或需要我們輸入的要求（作為當前實際截圖的重點疊字，不替換產品畫面）
08,委派收到什麼，缺資料如何補,02:39,截圖,真實工作起始指示與來源，分別框十人、800元、三場地及無障礙待確認；若有input request，再截補充前後狀態。
09,委派收到什麼，缺資料如何補,02:42,截圖,真實委派起始指示特寫，遊標核對來源是否附齊，不能代製不存在的指示。
10,委派收到什麼，缺資料如何補,03:06,字卡,如果它少了一項，就在原工作補清楚來源摘要（作為當前實際截圖的重點疊字，不替換產品畫面）
11,委派收到什麼，缺資料如何補,03:29,字卡,無關的動作維持草稿界線即可，不必擴大所有權限（作為當前實際截圖的重點疊字，不替換產品畫面）
12,開成果，核對三個場地,03:48,截圖,真實初版成果檔案或對話結果 → 與來源並排；逐步框甲容量不足、乙超預算、丙待確認。
13,開成果，核對三個場地,04:13,字卡,丙容量與費用符合，但是無障礙動線仍待確認（作為當前實際截圖的重點疊字，不替換產品畫面）
14,開成果，核對三個場地,04:35,字卡,把修正限制寫清楚，重做受影響欄位即可（作為當前實際截圖的重點疊字，不替換產品畫面）
15,在原工作改預算，再讓dot協調,04:53,截圖,原委派工作輸入1000元更新 → 新版與初版比較 → 回dot索取協調摘要；保留原環境資訊並遮罩私人路徑。
16,在原工作改預算，再讓dot協調,05:20,字卡,丙仍需要確認，不能因為預算變了，就把另一個未知條件一併解決（作為當前實際截圖的重點疊字，不替換產品畫面）
17,在原工作改預算，再讓dot協調,05:44,字卡,改變 dot 選定的電腦，不會把已有工作自動搬過去（作為當前實際截圖的重點疊字，不替換產品畫面）
18,在原工作改預算，再讓dot協調,06:03,截圖,dot引用新版預算的真實協調摘要，框1000元、下一步決定與原工作連結。
19,在原工作改預算，再讓dot協調,06:29,字卡,請它將未提供的資訊列為缺口，等你確認後再更新（作為當前實際截圖的重點疊字，不替換產品畫面）
20,在原工作改預算，再讓dot協調,06:56,字卡,表中列更新時間、改動條件、結果與待決事項，就能看清工作是否真的接續（作為當前實際截圖的重點疊字，不替換產品畫面）
21,在原工作改預算，再讓dot協調,07:23,字卡,這些工作可能計入 Work 或 Codex 的使用限制，所以先用小範圍練習，不必無限制地重建（作為當前實際截圖的重點疊字，不替換產品畫面）
22,找不到、等待與停止的檢查,07:37,字卡,找正確工作／補完整來源／開實際成果／檢查原環境
23,找不到、等待與停止的檢查,08:01,字卡,等待輸入，開啟那個工作回答；方向變了，在原工作給完整新條件（作為當前實際截圖的重點疊字，不替換產品畫面）
24,找不到、等待與停止的檢查,08:27,字卡,最後檢查，你能否找到指定工作，初版與千元新版是否可以開啟，dot 的摘要是否用了新預算（作為當前實際截圖的重點疊字，不替換產品畫面）
