episode,title,time,knowledge,character_state,evidence,carry_forward,setups,payoffs,general_payoffs
"1","陌生爐火","抵達第1日","能感知區域性停拍，不能讀懂文字與原因。","沈澈輕傷，以手勢與塔拉示範溝通；沒有操作權，尚不能自由對話或閱讀本地文字。","保留日期不符的報修單與地下外界檢修標記拓印。","供熱中斷與修復責任延續。","m01;m05;m09;m11","","與塔拉救出受困工人，村爐修復責任由沈澈參與承擔。"
"2","鐘礦的盡頭","抵達第2至4日","鐘礦只延後結算，換礦不能清債；材料與能源不可省略。","沈澈接受學徒工作，感知後需休息。","實體輪休牌與帳冊日期不符。","普通小爐繼續供應有限熱水，追查假紀錄。","m08;m01;m11","",""
"3","傷口還沒有好","抵達第2週","人體療債只留在患者及自願人類醫護，不能轉給植物。","莉涅須真正休息，沈澈首次承認自己不懂醫療。","病人的傷口、投入物料與自願承債都有紀錄。","病人未痊癒，護理與熱水需求延續。","m11","","完成必要清創，患者由普通護理接續照護。"
"4","睡著的林地","抵達第3週","林地裝置的熱債與藥圃植物的生長債是不同帳目。","瑟菈留下核驗，村民對她仍有敵意。","保留舊授權原件與未登記管線位置。","種圃不能立刻復原，暗線必須實地追查。","m10;m01","","林地擴接暫停，瑟菈取得保留原授權的核驗地位。"
"5","誰替誰簽了名","抵達第4週","感知看不見動機與歷史；同意不能由身份代替。","沈澈正式質問仍需莉涅轉述，本人承擔錯誤指控；操作需有人陪同。","試行條款載明裝置、額度與結束日期。","查帳繼續，有限供熱不能擴大成永久授權。","m12;m05","",""
"6","護送者的膝甲","抵達第5週","戰甲加速耗用具體關節的可活動時間，休息不能用換甲跳過。","奧倫仍為在職軍官，左膝需輪休。","物料留置與關節使用紀錄公開。","鐘礦儲量縮減，聯鎖故障需由本地技師處理。奧倫申請左膝實際輪休，普通護送與搬運不能被記作停用。","m08","","醫療維修物料保留有限份額，徵用理由留下正式紀錄。"
"7","同一條迴流","抵達第6週","熱與生命欠額分開，共用安全聯鎖仍會使多處停供。","沈澈按塔拉指示測量，莉涅降低催序使用。","未登記接頭、封記與兩份讀數保全。","原供熱不能照常維持，必須找安全停網程式。","m01","",""
"8","舊旁路","抵達第7週","安全旁路服務降壓散熱，並不抹除任何欠額。","塔拉負責程式，沈澈負責記錄；奧倫以普通搬運協助。","旁路圖與臨時維生配置完成初核。","有限燃料使停供視窗不能任意延長。","m11;m12","","安全修復排水閥並確認舊旁路可保留散熱，地方安排共享暖房。"
"9","留下原件","抵達第8週","現有暗線與未執行計畫須分開覈查。","四人協作，但瑟菈仍不信任軍方。","原帳封存、異本對照及具名證詞儲存。","新排程先受暫停申請約束，舊支線尚待安全隔離。","m01;m12","",""
"10","把爐子留給他們","抵達第9週","停機與治療都需要可驗證條件，特殊感知不能代替它們。","沈澈接受否決，莉涅保留有限個人承債額度。","修正儀表、患者選擇及交接冊完成。","核驗團隊接替，不因主角離開而失去能力。","m11;m12","m05","排除失準測表，醫所完成尊重患者選擇的交接。"
"11","在寒雨之前","抵達第10週末","隔離新增流量與償還既存欠額是兩件事。","奧倫不把第6集以來的日曆週數當作實際輪休；未超用左膝，四人以本地工人為主完成切換。","兩處隔離讀數與迴流測試透過。","林站需真實輪休；救援物資即將耗盡。","","m01;m11","兩處非法支線安全隔離，必要回流得到保留。"
"12","不能抹掉的欠額","抵達約3個月","本村新增強制流已隔離；未執行計畫已申請取消，舊債仍在原載體。","塔拉存活留村；沈澈返鄉希望受挫但停止冒險，四人以不同目的同行。","村案原件移交地方，攜帶核驗副本、港口批次單與索引。","港口藥單待覈驗，返鄉與四錨關係未解。","m04;m05","m01;m11","塔拉、本地醫護與副工程師接掌輪休及基本供應。"
"13","港口的藥單","抵達後第4個月初","村案尚未執行的新增計畫已正式取消；港口附表需另查。","莉涅不以舊功績背書新契約，蕾珂提供港內運送。","保留藥物批次副本及救援來源編碼。","缺藥仍在，過去救援與林圃負擔的比例未明。","m02;m01","",""
"14","失去桅杆的船","第4個月，外港風暴當日","貨物與船材不能憑催序無中生有，濕損藥材須由本地藥師判斷。","蕾珂受傷留港，雙尾燕失桅，奧倫救援後關節需休息。","船損、存活者與可用藥材清單完成。","雙尾燕不得立即再航，運輸短缺與賠付爭議延續。","m11;m12","","救出落水船員，雙尾燕進船塢而非冒險續航。"
"15","可用與不能用","第4個月中","藥效合格不代表授權合法，不能用感知補出缺失產量。","娜蕾掌握本地藥材知識，沈澈協助工具與測量。","保全批次重量、品質檢驗及重複授權索引。","可用藥繼續供應，授權重複需要原件證明。","m01;m02","m05","分開藥物品質與法律來源，可核驗有效批次保留供應。"
"16","她曾經救過的人","第4個月末","舊救援確實救過人，但其名義被用於後續不明授權。","莉涅接受功績與問題並存，病人仍需照護。","舊患者證詞只涵蓋本人治療，附件原件未取得。","不能以患者感謝證明全部林圃徵收正當。","m02;m12","","舊患者渡過急症，後續照護不以簽新承債契約為條件。"
"17","還沒有熟的藥","第5個月初","林圃欠額來自催種，不是把病人的療債移入植物。","瑟菈開始聽取依賴供藥收入的林族意見。","保留強制休止讀數、配糧條件與倉庫登記。","藥圃舊欠額不清零，工人需要收入過渡。","m01;m10;m12","",""
"18","四次使用的一次同意","第5個月中","轉債需同類相容載體與實體連線；偽授權透過已有支網擴大使用。","奧倫仍有軍籍，行動須按本地核驗程式。","有限原件、重複抄本及閥位測圖相互印證。","新增批次暫停，安全隔離與賠償仍待安排。","m01","m02",""
"19","白晝送來的東西","第5個月末","伊瑟爾確實提供普通救援；援助不證明所有既有授權正當。","莉涅認可援助價值，仍要求原始記錄。","部分檔案獲準閱覽，許可權不含處分與主控。","普通援助緩解但未消除供藥、失業與林債問題。","m02;m12","","普通藥物與糧援實際到位，暫時降低缺藥與被迫簽約壓力。"
"20","不能燒掉的夜晚","第6個月初","儲存證據不能以放棄人命為代價；已遺失記錄需實測補查。","奧倫依程式拘捕，維爾失去自由，部分工人受傷。","儲存契約與批次原件，火損範圍具體記錄。","維爾案件繼續審理，既有林債未因被捕消失。","","m01","倉庫工人救出，維爾依法拘捕，存活證人與原件保全。"
"21","停工以後","第6個月中","合法停用不自動產生糧食，受害者需要實際過渡資源。","瑟菈與依賴藥圃收入者保持分歧，蕾珂仍留船塢。","逐戶受損、工作收入與原授權對照完成。","救濟有期限與缺口，港口須承擔接替。","m10;m11;m12","m01",""
"22","可以撤回的約定","第6個月末","撤回不是紙上條款，必須有安全隔離與維生接替。","沈澈主動發現標牌與讀數矛盾、邀請覆核；本地技師保有停工與隔離權。","公開隔離讀數、撤回時段與代用藥物清單。","新契約覆蓋有限範圍，不能宣稱全國供藥已改革。","m11;m12","m05","一片自願藥圃成功撤回授權，實際接替與安全隔離完成。"
"23","下一班沒有他們的藥","第6個月底","港口必須以本地團隊與合格裝置接替，不能依賴主角長駐。","娜蕾留港，蕾珂繼續修船，莉涅準備離開。","患者交接、替代航次、法務封存與救濟責任留檔。","港口案審理與林圃輪休持續，軍需壓力浮現。","m11;m12","m01","娜蕾與港口團隊完成獨立照護，合格船接替雙尾燕航次。"
"24","糧旗向北","抵達後約6個月，第二季結束","假授權停止新增，維爾被捕但尚未定罪；林圃舊債繼續。","四人同行；奧倫仍在職，娜蕾與蕾珂留港各司其職。","港口批次副本、有限保障協議及檢修索引由見證交付。","邊境徵用與封鎖導向第三季，舊救援附表仍不完整。","m04;m05","m01",""
"25","灰隘關的糧旗","抵達後第7個月初","王庭徵用符合國內軍令卻違反跨境民用協議，衝突限於邊區。","奧倫仍在職，遇到曾被自己迫遷的居民。","儲存民用用途分單、徵用命令與受害戶身份。","青芒谷責任待查，糧道不能靠護送軍籍直接打通。","m03;m12","",""
"26","先送到病房","第7個月中","人道放行有批次與用途限制，不能當成全線解封。","洛德被拘，奧倫留下書面參與紀錄。","保留民用炭藥交付與軍方拘禁理由。","醫所短暫有熱，下一批供應仍未保障。","m11;m12","","限定民用炭藥實際抵達醫所，未擴作軍用通道。"
"27","兩邊的傷者","第7個月末","醫療依個別條件處置，不能以陣營或軍階代替分診。","莉涅降低施術，奧倫在醫所外擔任護送仍受調查。","分診與患者承債紀錄保留；取得舊補給表副本。","照護人手需接替，早期封糧日期待覈驗。","m03;m12","m11","中立醫所維持依傷勢分診，軍階未取得優先權。"
"28","青芒谷的人","第8個月初","移居損失包含土地、工具、季節與生計，不能只統計死亡。","奧倫準備說明知情行為，瑟菈不代受害者原諒。","奧倫私存日誌移交，居民逐戶證詞加入核驗。","受害戶未和解，迫遷責任需正式調查。","m03;m10","","受害居民撤出火場，迫遷執行日誌正式移交。"
"29","他知道自己在做什麼","第8個月中","奧倫知情執行強制遷移；不知道後續造假不免除封糧拆屋責任。","四人失去原有信任，奧倫接受處分程式。","正式聽證、命令與執行日誌互證。","下一集停職封甲，追責與救援並行。","m03;m12","m03",""
"30","封起來的戰甲","第8個月末","停職封甲已生效，奧倫沒有軍事指揮或戰甲使用權。","沈澈技術證人；莉涅醫療；瑟菈撤離；奧倫監督下民用工作。","封甲清冊、民用援助覈准及集合訊息留存。","第30至33集實際分散，追訴與補給不因分離停止。","m12","m03","奧倫停職封甲，受害者的追訴未被形式處分結案。"
"31","沒有同伴的夜班","第9個月初，分散第2日","地方醫護能接替，奧倫只能按民用許可協調。","四人仍分散，瑟菈與奧倫僅處理必要救援。","夜班交接與轉運清單公開，取得拆裝圖副本。","醫所熱支網與軍用工區共用安全聯鎖，風險待覈對。","m04;m11","m12","本地團隊完成夜班照護，受監督工隊完成有限居民轉送。"
"32","砲火之後的熱水","第9個月初，分散第3日","熱裝置故障觸發共用安全聯鎖，並非把人體療債轉向森林。","沈澈按本地技師核驗操作，莉涅縮減醫療排程。","受損位置、聯鎖讀數與軍用拆裝圖相符。","隔離與維生接替需要多組本地團隊共同完成。","m04;m11","m04",""
"33","先救同一個人","第9個月上旬，分散第4日結束","分區隔離有效，共用安全裝置需先維修才能恢復。","四人重聚有限合作，奧倫停職封甲持續。","修復讀數、本地接替清單與同行約定保留。","醫所不依賴主角留守，跨區同步反應需外地驗證。","m04;m12","m11","醫所分區復熱，四人以公開核驗與保留追責重建有限合作。"
"34","四封不同的回信","第9個月中，異地覆信經數日往返","多地記錄證明四錨存在安全耦合，尚不知起源與退場方法。","沈澈不能把本區經驗直接推向全世界。","舊圖、校準碼及具日期回信由四方核驗保管。","需要跨區同步停用條件；糧道談判進入期限。","m04","m04",""
"35","只能開一條路","第9個月末，有限停火首批交付","停火只涵蓋一條通道與限定時段，土地與刑責不在交換之列。","奧倫仍受監督，洛德有處分，四人完成糧隊責任。","公開庫存、簽收量、護送與停火違約處理留檔。","戰線未全面平息，追責與下一批配糧仍需地方維持。","m12","m11","首批覈驗民用糧食抵達避難區，洛德獲釋仍保留處分。"
"36","救援之外的森林","抵達後約9個月，第三季結尾","舊救援藥量只覆蓋部分林債；四錨需協同，起源與退場內容未揭露。","莉涅失去一項補助，奧倫仍停職封甲，團隊沒有完成和解。","核對用藥量、附表範圍、森林採收索引與監督出行許可。","進入第四季驗證森林實際負擔，民用糧道與醫所交給地方。","m07","m02;m04",""
"37","不能催熟的藥","主線第10月初，抵達首日","感染需要先處理，催序不能替代清創；藥圃既有欠額仍在。","奧倫停職封甲，僅以受監督醫援身分搬運；艾妲常駐接手地方工作。","匿名病情表、現存藥量與林地載體初測。","隔離與淨水急需人力，最後一批藥物必須分配。","m10;m11","m02","醫所公開庫存並建立分診，搶藥衝突暫時受控。"
"38","傷口的第二次發熱","主線第10月初，抵達後第三日","人體修復債與藥材生長債分屬不同迴路，感染並不因外表閉合消失。","莉涅承債接近工作上限；奧倫無軍權與穿甲資格。","錯誤催序病歷、藥材批次與人類療債登記。","需要查明藥圃為何已失去下一輪生長能力。","m12","","重新清創的患者穩定，錯誤施術有病歷可查。"
"39","森林上的簽名","主線第10月第一週","原始同意有期限、地界與用途；目前執行範圍明顯更大。","瑟菈維持迫遷追訴，同時尊重其他居民自願承債的權利。","原契約、地界圖與兩版授權附件。","必須保住證人並提出眼前能供藥的有限方案。","m10","m01;m02",""
"40","只救這一批","主線第10月第二至三週","可量測、可撤回的承債不等於無代價；各戶需要獨立選擇。","莉涅開始用病人能理解的語言說明等待；奧倫參與普通搭建。","具名苗圃容量、分診表、逐戶同意與拒絕紀錄。","有限藥量不足以處理後續所有患者，淨水工程更加迫切。","m12","m10","逐戶可撤回的當批供藥契約生效，拒絕戶未被納入。"
"41","井水之外","主線第10月第三至四週，雨季前","失溫與長期休止改變獸群路徑；普通預防能降低藥物需求。","奧倫仍停職，不可用軍印；瑟菈的生態知識決定通行方案。","取水源檢查、民用保留令與施工需求表。","排水修復進入期限，證人也開始受到配給威脅。","m11","m10","民用淨水材料取得暫時保留，獸群與人員安全避讓。"
"42","善行之後的數字","主線第11月前段","原救援需求小於實際催種規模，聖座擴產指令與偽附件共同造成超額。","莉涅承認自己的救援記錄被濫用，也接受當年簽驗內容被查覈。","原始採收冊、救援藥量、指令日期與具名證詞。","需要停用非法授權，同時維持疫情期間的必要供藥。","","m01;m02","採收原冊及證人證詞完成中立保全，超授權責任鏈可驗證。"
"43","不能等到春天的人","主線第11月前段，採收原冊覈查後","任何救援方案都有能力上限；死亡不能抵銷另一群人的權利。","莉涅出現疲勞與自責，艾妲維持地方照護；瑟菈不撤回拒債要求。","完整病歷、死亡說明、等待與供應紀錄。","伊瑟爾將親自帶來援助與下一期調度條件。","m12","",""
"44","白晝的邊界","主線第11月後段","伊瑟爾重視持續供應，對承債者拒絕權與供應風險的排序不同。","莉涅仍尊敬其醫援能力，但不再默許長期授權。","援助清單、班表與分開議決的調度條件。","地方尚未同意新徵收，激進者準備自行切斷管線。","m12","m02",""
"45","手術與水閘","主線第11月末，當日","共同安全聯鎖會造成連鎖停供，不代表兩種債能互轉。","瑟菈不替激進破壞開脫；沈澈服從本地技師材料判斷。","故障前後讀數、控制圖、現場證詞。","正式停用非法授權前，必須準備分區切換及必要備援。","m04","m11;m12","獨立熱源保障急救，第二次破壞被阻止。"
"46","誰有權停下","主線第12月初","地方方案能限制新增負擔，不能免除既有欠額。","艾妲能獨立安排照護；奧倫與工人同樣服從監督程序。","代表決議、逐戶拒絕表、工人操作紀錄。","正式停用的切換窗口到來，既有欠額可能觸發強制休止。","m12","m10","代表形成有限輪休方案，工人停止超授權操作。"
"47","承春終止","主線第12月後段","新強制轉債停止，舊債仍需真實休止，恢復期有可計算損失。","莉涅必須停工休息；艾妲完成獨立接班，奧倫仍封甲。","已執行撤銷令、具名載體輪休表、疫情趨勢。","地方責任進入結案，上游欠額與維爾財產處置等待正式回覆。","","m01;m02;m12","新非法授權停止，艾妲與地方隊伍完成獨立接班。"
"48","帳外的欠額","主線第12月末，第一年結束","天錨存在未列入地方賬冊的基礎欠額；目前仍不知最初工程背景。","艾妲與地方班組接掌醫療、淨水與輪休；四人不替地方永久運轉。","維爾判決、扣押財產用途、原儀表與公開稽覈報告。","各國開始爭搶鐘礦和糧源，四人前往跨區調度會議。","m04","m01;m02","維爾定罪，扣押財產依法投入藥林修復而不要求撤訴。"
"49","糧旗起火","主線第13月，戰爭第一週","公開欠額沒有清除債務，各國開始預先佔有剩餘延期與運輸資源。","奧倫仍停職封甲，瑟菈維持追訴；四人沒有跨國軍事指揮權。","徵購令、毀損貨單、被取消的通行許可。","需在新封鎖中維持一條有限醫援線。","m08","m04","一批具名急用藥材依法分離，送入平民醫療。"
"50","四條封鎖線","主線第13月，戰爭第三週","舊停火經驗可用於有限通行，不能自動制止全面戰爭。","莉涅沒有全救能力，奧倫與瑟菈在條件內合作。","公開分診表、四方批准的有限通道文件。","醫援隊將進入依賴人工調候的北錨城。","m12","","四方批准有限公開傷者通道，第一批患者通過。"
"51","有窗的城","主線第17月，戰事持續、醫援轉入北錨城","市政安全隔離與軍方主調度分設；兩套權限與機械後果已明示。","岑洛首次登場，奧倫僅獲公益救援特許；軍籍權利仍停用。","市政安全圖、調度權限表與救援許可。","北錨城的生活與其控制弱點都進入故事，軍方新增催糧配額將執行。","m04;m11","m12","受困居民撤離，奧倫取得有監督的公益救援許可。"
"52","夜間配額","主線第18月，封鎖已持續四個月，隔離事件前兩日","強制部分屬於植物生長債，不含人體療債；軍方鎖定主調度權限。","四人反對非法轉債，也明白北錨毀損會傷害市民。","排程啓動時刻、具名林地載體與軍方操作編號。","首先嘗試疏散，不能把緊急隔離當成第一答案。","m12","m10;m03",""
"53","能走的路","主線第18月，啟動當日T-120分鐘之前","撤離不足有具體道路、傷情與運力限制，不是居民任性不走。","奧倫穿甲許可限救援，不得以戰甲強奪軍車；岑洛留在本地協調。","撤離需求、道路狀態與可用車輛紀錄。","在既有訊號臺支持下，評估慢降載與鄰區借量。","m11","m12","部分車輛取得民用撤離優先，已上車的居民離開危險區。"
"54","三十六小時","主線第18月，同一危機夜T-120至T-95分鐘","安全慢降需要三十六小時；現有兩小時窗口不足。","沈澈參與判讀而非操作主調度，岑洛與本地技師負責材料與安全核驗。","小幅試降讀數、耗時計算與軍方拒延回覆。","鄰區容量調查通過既有訊號臺並行進行。","m07","m04","慢降時間與停令拒絕留下可複核紀錄，未以危險快降掩飾限制。"
"55","借來的空位","主線第18月，同一危機夜T-95至T-65分鐘","鄰區無足夠合法容量；熱緩衝與迴流風險已可見，鐘礦不是能量炸彈。","岑洛堅持保守估值，沈澈承受救林地與保城市的壓力。","各站實測、延結容量表、岑洛風險註記與兩種估值。","嘗試取得軍方支網的獨立停用權，仍需面對鎖定控制。","m04","m08","鄰區必要醫療容量被保留，危險強借沒有執行。"
"56","支網的門","主線第18月，同一危機夜T-65至T-35分鐘","市政無軍方主權鑰匙，獨立支網控制不能在剩餘時間拿到。","奧倫救援後按規定休止；全組成員知道隔離有已明示機械風險。","停令文件、扣留紀錄、控制權限與撤離時間。","市政應急組將正式評估是否批准緊急隔離。","m12","m04","被困醫援人員撤回，沒有以公益許可攻佔軍方控制室。"
"57","告知北錨城","主線第18月，同一危機夜T-35分鐘至啟動前","兩個風險估值都可見，應急組承認信息不完備；不得事後說從未知道危險。","沈澈採用較樂觀判斷，岑洛堅持並保留異議；全組承認市民未全撤。","應急批准、沈澈建議、岑洛異議、撤離與警報紀錄。","非法排程即將啓動，市政技師準備執行本地安全隔離。","m12","m04","風險警告對市民公開，批准者與異議具名保全。"
"58","切離","主線第18月，同一危機夜T-0及緊隨其後的機械連鎖","隔離→緩衝超限→迴流失效→熱管聯軸承架毀損；不是新法則或鐘礦能源爆炸。","四人各守救援位置，岑洛仍在指導止損；沈澈判斷失誤已造成後果。","逐級故障讀數、操作時序、應急組批准與已存警告。","城市人員急需撤離，缺熱、火災與結構損毀開始造成大量傷亡。","","m04","新增非法生長債被截斷，既有欠額沒有宣稱消失。"
"59","沒有光的城","主線第18月，毀錨當夜至第三日","救援已超過能力上限，催序不能復活或無物料地修復嚴重損傷。","岑洛死亡，莉涅疲憊停工；奧倫仍受監督公益穿甲且必須休止。","遇難名冊、遺物、保全的警告與故障讀數。","死者家屬要求追責，難民需要保障與真實補償。","m12","",""
"60","黎明的裂口","主線第18月末，毀錨後二週","三座完整錨仍在運轉；真實日輪存在，但不能僅憑星象推論全外界已安全。","四人受到倖存者質疑，伊瑟爾介入援助；岑洛死亡不可撤銷。","救援休戰條款、難民需求、日輪觀測與故障原記錄。","進入難民安置與公開責任調查，古代歷史尚未揭露。","m06","m12","限定救援休戰兌現部分軍需、運輸與民用通路。"
"61","醒著的廢城","主線第19月，北錨災後約第1個月","新設備不消舊債，營地也沒有可無代價調用的生長或建設容量。","米菈首次登場；岑洛已死亡；奧倫僅有受監督救援穿甲許可。","住戶名單、供水檢查、材料與食物庫存。","基本配糧資格與承債交易將成為爭議。","m11","m12","艾妲建立可執行的病人分區，米菈與居民完成第一輪公開配餐。"
"62","劃線配給","主線第20月，北錨災後約第2個月","契約必須綁定實際相容載體，生存壓力會扭曲表面自願。","瑟菈不替居民決定，米菈以普通烘焙支持分配。","補充住戶名單、代理合同、基本配糧回執。","倖存者將要求公開北錨決策與技術紀錄。","m12","m10","未登記家庭取得當次最低配糧，非法無期限附件暫停執行。"
"63","岑洛沒有回家","主線第21月，北錨災後約第3個月","風險警告在隔離前已知，多人批准與沈澈判讀都有可分辨責任。","沈澈接受質詢，家屬不承諾原諒；奧倫不能靠功績回軍。","完整時序、兩種估值、岑洛異議與應急組簽核。","北錨案需審議，青芒谷迫遷案則已有足夠證據進入判決。","m12","m04","第五季保存的風險異議正式納入公開調查，所有批准者均被列入審查。"
"64","舊誓的判決","主線第22月，北錨災後約第4個月","個人知情執行與上級命令責任分別成立，賠償不等於受害者原諒。","奧倫軍籍正式剝除、修復役起算；瑟菈保留立場與土地權利。","迫遷判決、賠償明細、監督勤務條件與上級案卷。","奧倫後續每次跨區修復與救援都須批准，關係需要慢慢重建。","","m03;m12","青芒谷個人執行責任完成判決，國家補償開始執行。"
"65","在兩座營地","主線第23月，北錨災後約第5個月","解除非法轉債與保留必要回流可以區分；援助功績不等於徵收授權。","瑟菈加入反轉嫁組織，莉涅留院，艾妲在地方接班，奧倫履修復役。","共享支網資料、海報更正與醫院援助條款。","下一期醫援的不確定性持續，修復隊將在暴雨救援中承受風險。","m12","m11","瑟菈保住必要醫用支線，莉涅正式撤回被冒用的政治背書。"
"66","第二次出手","主線第24月，北錨災後約第6個月，暴雨救援日","神經損害超過自然可完整修復條件，催序不能憑空重建缺失功能。","奧倫永久不穿甲，步行需輔助；莉涅能救命但不能保證舊能力恢復。","救援許可、額定警告、超負荷時序與長期診斷。","修復役必須調整形式，奧倫需面對依賴他人和喪失身份。","","m12","受困居民完成撤離；救援成功與奧倫永久失能共同保留。"
"67","不能站起的人","主線第25月，北錨災後約第7個月","復健能改善日常功能，不會使穿甲條件重新成立。","奧倫依輔助器材短距離活動，仍履責；米菈咳嗽、規律取藥並維持互助。","長期復健方案、調整後的勤務與賠款記錄。","普通醫療與長期照護需要穩定資源，核心政治方案將利用這份需求。","m11","m12","奧倫獲得能執行的監督勤務，學會請求實際協助而非放棄全部責任。"
"68","保存核心","主線第26月，北錨災後約第8個月","歸零令保存核心、犧牲外圍；未完成的欠債仍附著具名外圍載體。","伊瑟爾正式提出政策，莉涅與瑟菈公開分歧，奧倫無軍權。","政策流程、各類載體名單、外圍人口與供應預算。","試行必須查驗外圍實際影響，不能只用核心改善證明正當性。","m12","","政策真實步驟與誰承擔代價被迫公開，歸零不再被誤認為清空欠債。"
"69","誰被算作代價","主線第27月，北錨災後約第9個月","核心改善不能證實外圍犧牲可接受，配額歸零後舊債仍未還清。","莉涅被援助制度利用但不放棄患者；瑟菈協助撤離並保留拒債主張。","停業與供給表、核心獲益、外圍新增傷病和背書拒絕書。","北錨責任裁定將為有限授權與風險告知提供真實先例。","m12","m10","試行的兩面後果首次共同公開，莉涅拒絕名義背書且留在病房工作。"
"70","北錨的判決","主線第28月，北錨災後約第10個月","合法應急目的仍有風險判讀與批准責任，責任分配需符合實際權限。","沈澈接受雙人核驗與修復監督；家屬可以仍拒原諒，奧倫永久不穿甲。","分層責任裁定、風險資料公開清單與未來權限限制。","四人需把公開風險、有限授權與真實替代生活用在新試點。","","m12;m04","完整北錨操作鏈得到裁定，多方責任與下一階段權限正式落實。"
"71","拆下分界碑","主線第29月，北錨災後約第11個月","退出強制調度需要具體生活條件，低催序試點仍有糧食與照護風險。","沈澈與奧倫獲準參加監督修復，米菈選擇遷居；莉涅留核心醫院。","地權許可、居民同意、風險表與運輸預算。","冬籬尚未證明可以度過完整一年，部分運輸和普通設備仍待補齊。","m11;m10","m12","冬籬取得合法用地與遷居通路，居民擁有試驗及退出的明確權利。"
"72","冬籬","主線第30月，北錨災後約第12個月","約三年是廣泛風險估計非安全保證，已飽和載體可更早強制休止。","米菈存活且慢性肺病未愈；奧倫永久不穿甲、修復役持續；莉涅留院，瑟菈在冬籬。","遷居交接、普通設備產能、三錨測量與風險區間報告。","第七季必須跨完整一年，驗證冬籬四季與替代照護。","m07;m11","m12","冬籬首批住所、普通爐和公開配餐實際運行，風險報告帶有明確誤差。"
"73","回到同一張桌","初春；第72集評估後數週","失效風險約三年是估值，不是安全期限。","奧倫永久神經損傷，不能穿甲；四人仍有分歧。","洪水損失與試居人口具名登記。","聚落須先確認容量與拒債條件。","m11;m12","","洪水中受困難民被救回，四人重新建立合作條件。"
"74","數清每一袋糧","初春末","普通生活也受糧食、搬運和人口容量限制。","沈澈接受估算被推翻；米菈教徒弟記帳。","實秤庫存、潮損與人口表公開保存。","下階段先恢復磨粉，不能假設水車能供暖。","m11;m12","","庫存由實秤更正，最低配糧與可選勞務形成可執行表。"
"75","水車不能取暖","暮春","水車提供機械動力，不能自動取代熱源。","奧倫以組織與工具協助，不再靠戰甲。","施工圖、耐壓量與炭庫實數由技師簽認。","普通設備可接替部分需求，舊載體仍須真休止。","m11","","工人安全撤出，水車恢復有限磨粉功能。"
"76","留給下一季的種子","初夏","種源適應須經本地試驗；低欠額舊田按原期休止。","瑟菈承認自己的栽培經驗有地域限制。","失敗樣本、土質記錄與留種數量封存。","秋季收益下調；採購須計入實際成本。","m10","","留種未被耗盡，對照試種記錄開始累積。"
"77","慢慢好起來的人","盛夏","人體療債由患者及自願人類醫護承擔，不入森林。","莉涅減少獨攬工作；米菈慢性肺病持續追蹤。","藥材批次、病程與同意範圍均有紀錄。","照護人力成為冬季容量的一項硬限制。","m11;m12","","污染水源被隔離，本地照護者完成第一輪培訓。"
"78","最後一船炭","夏末","燃料有限，援助有來源、數量與期限。","居民為拒絕條款付出真實便利成本。","運輸合約、修船紀錄與燃料上限公開。","秋收若不足，必須及早減額與轉介。","m12;m11","","有限炭貨依具數量與期限的合約送達。"
"79","少了一半的秋天","秋季","本地氣候有早霜風險，試驗不能保證所有作物成功。","沈澈不以成果要求居民留下；瑟菈保存失敗樣本。","搶收量、採購成本、人口變更同步公開。","歸零支持者要求停止試驗，須用實測回應。","m10;m11","","成熟作物搶收、種源保存，選擇離開者抵達已確認接收地。"
"80","歸零之後","秋末","外圍熱載體休止可能中斷迴流，生命與熱債仍分別計算。","沈澈接受公開質疑及資料誤差。","試臺紀錄、歷史事故與現測附來源供覆核。","需尋找原退場工程，不能用歸零代替計畫。","m12;m04","","公開覆核證實歸零令尚未處理必要回流的失效風險。"
"81","第一場雪","初冬","本期安全容量隨人口與新庫存再計算。","奧倫以協作救援，無法恢復神經或穿甲。","去留同意、接收回執與卸糧數量留存。","最冷時期必須保全暖房、照護與最低口糧。","m11;m12","","受困糧車卸糧送達，居民去留依條件完成。"
"82","米菈的爐火","深冬","治療不能消除全部器官損傷，也不能逆轉死亡。","米菈去世；莉涅悲痛但沒有以自傷換假希望。","完整病程與處置留檔，麵包配方交徒弟。","冬季成本必須包含失去的人，不能只報告糧產。","","m11","病人完成暖房轉移；米菈配方交給徒弟，照護沒有抹除死亡。"
"83","不再只有他能看見","暮冬","實測可驗證感知，兩者不合時需找原因。","沈澈承認錯判；奧倫維持無甲勤務。","盲讀記錄與技師獨立復測結果一同存檔。","遠徵前須證明生活與檢修均有在地接替。","m05","m05","本地技師糾正錯判並獨立完成隔離，檢修可以接替。"
"84","真正的春天","次年春；第73–84集完整一年","局部恢復不代表長債區或全球問題解決。","四人有正式交接才能出發；聚落保有拒債權。","全年庫存、疾病、死亡、外援與減債曲線公開。","攜帶互證資料，尋訪古工程原始退場條件。","m07;m06","m10;m11","全年紀錄完成，低欠額田恢復，本地人獨立接掌生活與檢修。"
"85","天幕的邊界","第84集後數週；暮春","調候範圍及路況須實測，不等同舊圖。","奧倫無甲；隊伍有當地測量與維護人員同行。","冬籬獨立交接回報、路線及物資表留存。","外界氣候須長期資料和現測共同驗證。","m06;m07","","腐橋對岸測量員獲救；獨立交班回報確認冬籬可自行運作。"
"86","天空之下的風","初夏","外界仍有風暴、寒冷與運輸成本。","瑟菈承認長壽經驗也受生態區限制。","現場溫度、土壤、植被樣本附位置及日期。","需比對多處舊測站，不能只靠一塊綠地。","m06","","人員安全撤回，形成有範圍限制的自然樣區紀錄。"
"87","觀測站的最後一頁","初夏末","單站和星象都不能證明整個外界恢復。","沈澈接受慢速保存，莉涅監督人員健康。","多站觀測卷標明缺期與來源，樣本繼續保留。","覆核限期九十日；原始資料保管權與完整上下文須到守墓聚落確認。","m06","","受潮觀測卷依保全工序保存，來源、缺期與位置完成核對。"
"88","黑冬留下的人","盛夏","歷史資料需來源、保管權與上下文。","瑟菈不替族人預先辯護，奧倫無權命令開庫。","獲授權的副本有保管者簽認與原位目錄。","工務總庫有救援工程材料及原設計資料。","m06;m12","","保管者核準完整副本與公開核驗協議，原件留地。"
"89","提前完成的奇蹟","盛夏末","救援工程具有物料、能源、債務與期限帳目。","團隊理解先民的必要選擇，不替後世掩蓋責任。","圖頁拓本、物料帳與授權副本可互證。","庫區勘查發現的新裂縫記入撤離計畫；退場需當代修訂，未抄完整的資料仍留原地。","m07;m04","m06","停機退紙保住工程原圖，取得授權工程拓本及物料帳，放棄部分抄錄。"
"90","春天曾經回來","夏末","已核驗外緣恢復；並非整個外界無風險。","瑟菈保留希望但拒絕以族群經驗替全球保證。","多站歷年資料、現測與年輪附方法及誤差。","須查明後世為何延後退出、是否已有嘗試。","m06;m10","m06","多站資料與自然樣區互證部分可居住外緣已恢復。"
"91","一次又一次的延期","初秋；援助覆核剩七日","歷史包括真實災害、局部成功與政治性延期。","瑟菈承認祖先參與，奧倫辨識軍需制度延續。","試驗、會議、徵用及配給記錄互證，完整責任索引附來源寄出。","覆核剩七日，無法靠刪去失敗補出當代容量；原手冊須修訂為三完錨與遺址方案。","m07;m12","m06","確認前人局部退場成果與軍需挪用責任，歷史不再被簡化。"
"92","沒有空白的答案","第91集七日後；十八時援助覆核到期","試臺只驗證拓撲；換礦、改名與低功工作都不能清債，償還須載體真正休止。","本地技師保有停測權；團隊共同拒簽，承擔失去援助的成本。","試臺失穩讀數、修訂清單、覆核拒簽與援助到期回執可核對。","第九季須補三套季候儀及技師旅費；跨界專材獨立，不可挪作抵付測量。","m07;m04","m07","普通迴流試臺保留實際失穩讀數，工人安全撤出。;手冊完成缺口清單；拒絕虛報低功償債，承受有期限的援助損失。"
"93","外界檢修站","秋季","探針與人體通行條件不同；首次召喚使用原界既有座標。","沈澈非預言對象；夥伴不能擅闖窗口。","啟門芯、座標、資格記錄與窗口推算均可復核。","105–107窗口須原界接應及實體安全驗證；訊息可先送。","m09","m05","舊站座標、資格欄、探針與人體窗口條件完成核對。"
"94","誰都可以讀懂","秋末","儀器與可教方法能代替感知完成任務。","沈澈可被接替，去留不決定世界是否有人操作。","盲測流程、錯判原因與獨立結論公開保留。","準備有限平安書信，經原界接應查證後轉交。","m09","m05","當地技師不靠沈澈完成盲測及安全停用程序。"
"95","另一個家的燈","秋末至初冬；明確跨過數週","兩界已核對的經過時間近似，不能據此推測所有時空規律。","沈澈得知家人狀態，兩處歸屬都是真實選擇。","探針回執與具日期回信保存；家人同意依原界接應者通知，在既定窗口到固定站點等候。","安全通行仍待105集驗證；家人已提前收到日程，後續回信由站點接應，不靠即時電話。","m09","m09","查證後的書信交到家人，數週回函核對兩界時間。"
"96","帶回去的歷史","初冬；85–96約七個月，85–119合計約十四個月","救援必要性、局部自然恢復、延期責任與退場方法均有互證。","全員撤回；沈澈仍可返鄉，奧倫仍無甲且負法律責任。","授權副本、見證目錄與生態樣本分送，不依賴唯一原件。","第九季須做當代實測與聯盟保障；原界接應已確認家人預約等候，105–107同一48小時窗口內可交換現場書信。","m12;m07","m06;m07","遠徵全員撤回；授權副本與實測樣本分送覆核，安全返鄉站仍可用。"
"97","另一邊有人等","主線第5年，退場準備期第1週。","四點協作尚需校準；地球家人已收到此前訊息。","沈澈仍能選擇返家，夥伴不以責任要求他留下。","三錨與遺址低載表、三套季候儀購置憑單、地方校準員同意書與旅費實付記錄、家人回覆及獨立專材清單保存。","先驗證可接替的人與設備，再進入105—107實體窗口。","m07;m09","m04;m09","第92集失去的三套季候儀與技師旅費已由港口出資及地方自願人力補足；低載異常在切換前查出並中止，地球家人回覆已收到，返家資格確實保留。"
"98","停在半空的班次","準備期第2週，訓練事故當日。","感知只能提供線索，儀器、材料判斷與安全操作都不可缺。","奧倫只在監督任務內協助記錄，未穿甲；沈澈接受事故覈查。","現場動迴路讀數、操作順序、傷情與賠付收據保存。","下一次驗收須在足夠備援及公開工時下進行。","m05;m11","m05;m08","升降架工人獲救；有憑據的醫療與停工損失先行賠付，接替訓練繼續。"
"99","少掉的軍糧","準備期第3週，糧倉與預算會議連續兩日。","舊採購額無法由自然收成兌現，不能歸罪停止侵害的林圃。","奧倫提供舊採購紀錄，不取得軍籍或指揮權。","軍需減額單與各區可用庫存公開。","交貨日期與運輸能力必須一同校覈。","m07;m12","m03;m11","軍需按實際庫存減額並重簽交期，王庭同時削自己的優先支出。"
"100","風不聽契約","準備期第5週，風暴與改航三日。","普通航運仍受季節與船體上限限制。","蕾珂使用經多年實修的船與租用接駁船，不是原損桅船即刻復原。","運糧簽收、改航時刻、保險支出皆可查。","延後地區需重新確認救命燃料與藥物庫存。","m11","m08;m11","風暴中保住船員與糧食，改航費及有限延期賠付實際支付。"
"101","土地有各自的名字","準備期第6週，界標移交與個別聽證。","土地返還、供藥交易與既有欠額是三項不同義務。","瑟菈不替族人原諒；奧倫依監督任務提供既有紀錄。","地籍原件、租約與各戶意願表分開封存。","命令鏈送責任審理，醫療供應不得等整體和解才啟動。","m03;m12","m10","已查清權屬的土地按界標實交，各戶土地與賠償請求分別保留。"
"102","慢下來的病牀","準備期第7週，醫療試行班表三日。","普通設備可接替部分便利，療程與人力成本會上升。","莉涅仍救治，但不復活米菈、不治癒奧倫永久神經傷。","匿名藥量、護理時數及米菈既有照護紀錄納入預算。","外圍醫所短期燃料缺口需在協議簽署前處理。","m11;m12","m02;m11","普通照護班表與長期病人預算獲覈定，不用不存在的治癒率充數。"
"103","不能等簽字的夜","準備期第8週，同一夜醫援與協商。","最低醫援不是新增承債契約；普通燃料有數量上限。","伊瑟爾仍以保核心為立場，莉涅拒接受以救命交換強制同意。","既有核準單、燃料簽收與未決協議條款公開。","需把可用備援與調度權寫成可執行的有限方案。","m12","m11;m12","既已核準的燃料送達外圍醫所，當夜供熱續上且無新增承債條件。"
"104","命令上面的名字","準備期第9週，責任聽證。","奧倫知情強迫遷村的責任成立；上級命令並非免責理由。","奧倫剝軍籍、永久傷及個人判決均維持，瑟菈未宣佈原諒。","撤村命令、安置配給與軍用租約原件由法庭保管。","119確認魯格判決與國家實際付款；下一階段沈澈進入返家窗口。","m03","m03;m12","迫遷命令完整證據鏈獲法庭受理；上級與國家責任正式分案審理。"
"105","確實可以回去","第三月末，實體窗口第0—8小時；總長48小時。","當前人體通行安全成立，訊息通道與實體窗口的限制分別核驗。","沈澈可立即依法出境；家人已按95回信到原界接應點，要求返家並表達失望。","核驗表、出境許可、獨立專材帳與家人接應地址齊備。","接替驗收按時完成，留出足夠通行時間供本人決定。","m09","m05;m09","人體通行安全核驗通過，沈澈可立即依法回家；家人要求與失望都獲明確回應。"
"106","沒有他也能接班","第三月末，同一48小時窗口第8—26小時。","接替者可用儀器、訓練及本地技術取代主角感知。","沈澈交出鑰匙、原始底稿與班位後帶行李離場，仍可安全回家；夥伴不要求他留下。","獨立驗收、備援及鑰匙底稿班位簽收由多人記錄，工作實際接管。","107先自主決定與告別，其後窗口才依既定相位自然到期。","","m05;m11","本地團隊按時獨立通過驗收，鑰匙、底稿與班位實際接管；沈澈仍留有逾20小時安全返家時間。"
"107","兩個家的告別","第三月末，同一48小時窗口第26—48小時；第28小時先選擇。","留下是自主選擇，不是法令扣留、感知唯一性或錯失期限。","沈澈與地球家人完成告別，兩邊都保留牽掛與實際損失。","家書、接收確認、選擇時刻與自然到期停機紀錄保存。","不再使用返家窗口製造續集懸念，沈澈以普通團隊成員參與減載。","","m09","家人確認收到自主選擇與告別，兩邊不再以不能回去的說法繼續等待。"
"108","簽下有限的明天","第三月末，返家窗口到期後第2日，寒潮前。","三座完錨與一處有限遺址樞紐協作；鐘礦只延結不供能。","沈澈不再掌握不可替代職務；奧倫仍在批準監督任務及原刑期內。","四方額度、備援名單、低載測試與切換鐘礦預算公開。","109冷潮負載逼近上限，伊瑟爾若越權不能稱協議已授權。","m07;m08;m12","m10;m11;m12","四方簽署具名有限資源與備援額度，退出與拒新增權均留可查執行條款。"
"109","明知越過的線","寒潮第1日，105—107窗口已自然到期。","低載合格不等於冷潮高載安全，舊旁路仍能繞過拒令。","伊瑟爾主動違法；沈澈與夥伴按普通職務應急，不再依賴返家介面。","簽署原令、拒令回執、熱載體與鐘礦讀數分別封存。","必須保住糧運、醫援，並實地解除超授權控制。","m08;m12","m12","地方正式拒令並保存不可更改的越權紀錄，作為撤令與追責依據。"
"110","交出自己的船","寒潮第2日，糧道改用水上接駁。","普通船舶、燃料與載重限制不能由鐘礦消除。","蕾珂履行有限航運保證，洛德承擔民用接收；奧倫仍服修復役。","舟艇燃料簽收、到糧量與各方減配表公開。","藥圃與醫所需按實際存量重新安排，不能催種補假缺口。","m11","m11;m12","被洪水隔開的首批糧食送達；軍用舟艇與燃料按協議實際交付。"
"111","留住下一個春天","寒潮第3日，冬藏援助當日。","林圃休止只償還其自身生長債，不抵核心熱債。","瑟菈守種源且尊重族人選擇，艾妲協調有限供藥與照護。","冬藏、種源下限、援助簽收與原生長載體讀數公開。","遺址樞紐須維持有限分配，無法靠新催種填缺口。","m10;m11","m10;m12","有限冬藏援助送達醫所；最低種源保住，林圃真休止未被擅自中斷。"
"112","不是重建那座錨","寒潮第4—5日，聯軸實修。","修復分配能力不等於重建天錨，低功率工作不算還債。","塔拉存活並指導本地材料加工，沈澈不包辦工藝；奧倫仍不用戰甲。","故障件、原載體欠額、用料與工時完整記錄。","剩餘切換餘量不足容許超授權旁路繼續運作。","m07;m08","m04;m11","北錨遺址的有限分配樞紐完成實修，居民共用普通照明渡過停電。"
"113","仍然接著的舊命令","寒潮第6日，與醫援並行追線。","儀表能定位異常，材料與接線仍須本地技師確認。","奧倫永久神經傷及三年監督修復役維持，英雄行為不免責。","舊圖索引、現場接線照片式描圖與四方複核表保存。","116依本圖實體解除旁路，先處理115核心失供與撤令。","m12","m01;m03","超授權控制與必要冷卻迴流的實體位置完成雙重驗證，解除方案不再靠推測。"
"114","可以拒絕的救治","寒潮第6夜，醫所急救與持續照護。","催序只加速可行修復；普通照護可替代部分速度而不能保證無死亡。","莉涅與艾妲維持患者同意，娜蕾核對實際藥量與批次。","清創、資源、患者意願及人體休止額分別記錄。","核心熱供事故仍需普通備援，醫療不會替調度消債。","m12","m02;m11;m12","急救傷者完成可行的有限修復；拒債患者得到普通照護，知情選擇實際生效。"
"115","核心也不能倖免","寒潮第7日，核心事故與撤令當日。","核心與外圍共享安全聯鎖；熱供失效不等於人體療債被轉換。","伊瑟爾仍可辯護過往立場，但無權繼續強制；傷殘與死亡不被逆轉。","簽令、撤令、事故時表及自身責任材料分案封存。","116實地解除超授權控制，保留必要冷卻迴流。","","m04;m12","核心醫所普通備援續上，越權調度正式撤令且控制權移交，責任證據保住。"
"116","留下冷卻的路","寒潮第8日，四處並行施工與帶載複核。","強制轉債可關閉，必要普通散熱通路不可誤斷。","沈澈隨本地技師工作，奧倫在監督核驗職務內，不單人跑遍四點。","移除元件、迴流測試、本地同意閥拒令試驗記錄公開。","117啟動首批具名載體真停工；低功率維生仍不算還債。","m07","m01;m12","四處強制控制與超授權轉債旁路實際解除，地方同意閥在帶載測試下生效。"
"117","真正停下的一組","減載期第2月末，準備六週後，甲區首輪休第1日。","鐘礦不是能源且有限到期；甲區A-1真停工才減相容原熱欠額。","三座完錨之一低功率工作，不宣稱其整座欠額已清。","具名載體停工時段、實測能力、普通燃料簽收及原債餘額公開。","118讓另外兩錨與遺址按時接替，維生與輪休須分別驗證。","","m07;m08;m11","甲區A-1首段真休止核驗通過，實際欠額下降；軍方燃料與糧食按配給表送達。"
"118","三座錨和一片遺址","減載期第3月初，乙丙首輪休切換日；各點訊號臺並行。","四處互依已有協調方法，普通維生仍受存量、運輸與人力限制。","莉涅與艾妲不創造藥物或治不可逆傷，蕾珂承擔實際運送。","四點時序、B-2及C-1停工量、醫護班次與遺址能力上限公開。","119以有限過渡資助與公開實測處理減量損失，不承諾馬上還清。","","m04;m07;m11","三座完錨加遺址有限樞紐完成實際協作，乙B-2與丙C-1真輪休可核驗。"
"119","有權拒絕，也要付代價","減載期第4月末，首輪休約八週後公開驗表與依法配給決議。","原基礎欠額仍需多代真輪休；換礦與低功率均未計入還債。","魯格已定罪、國家實際付首批覈定賠款；伊瑟爾依自身越權案被起訴；奧倫仍服役賠償。","A-1/B-2/C-1原欠額與真停工量、工資缺口、判決及付款憑據公開。","規劃衝突已解但生活成本持續；120八年後驗證制度與人物結局，不添世界危機。","","m03;m07;m12","地方拒新增權使超額訂單實際取消；魯格定罪，國家首批覈定賠款支付，原還債實測公開。"
"120","往後的黎明","第119集後八年，兩個普通家庭事件與安穩日常。","強制轉嫁關閉、地方可拒新增、剩餘原債與真輪休公開；有限魔法仍可依法同意使用。","沈澈維修教師、莉涅主持診所、瑟菈逐戶返地；奧倫役滿仍賠且不穿甲。伊瑟爾已定罪服刑失職；岑洛米菈維持死亡。","首輪休至今真停工進度、個別地界移交、判決執行與賠付公開；家人保存最後訊息。","完整完結：塔拉教維護、娜蕾與艾妲帶醫護、蕾珂教船員、薩彌做邊境重建、洛德做民用運輸；無新敵、門或未知命令。","","m03;m10;m11","普通接生平安完成，土地按界標實際交還，個別拒見受到尊重；四主角與兩家去留完整落定。"
